Date,Open,normalized_Pembukaan
2018-12-03,7550,0.8873239436619719
2018-12-04,7575,0.8920187793427231
2018-12-05,7600,0.8967136150234741
2018-12-06,7400,0.8591549295774649
2018-12-07,7575,0.8920187793427231
2018-12-10,7375,0.8544600938967136
2018-12-11,7450,0.8685446009389671
2018-12-12,7475,0.8732394366197184
2018-12-13,7500,0.8779342723004694
2018-12-14,7650,0.9061032863849766
2018-12-17,7450,0.8685446009389671
2018-12-18,7250,0.8309859154929579
2018-12-19,7350,0.8497652582159624
2018-12-20,7425,0.8638497652582159
2018-12-21,7250,0.8309859154929579
2018-12-26,7150,0.8122065727699531
2018-12-27,7325,0.8450704225352114
2018-12-28,7350,0.8497652582159624
2019-01-02,7400,0.8591549295774649
2019-01-03,7275,0.8356807511737089
2019-01-04,7175,0.8169014084507041
2019-01-07,7500,0.8779342723004694
2019-01-08,7425,0.8638497652582159
2019-01-09,7500,0.8779342723004694
2019-01-10,7625,0.9014084507042254
2019-01-11,7750,0.9248826291079811
2019-01-14,7750,0.9248826291079811
2019-01-15,7750,0.9248826291079811
2019-01-16,7800,0.9342723004694836
2019-01-17,7800,0.9342723004694836
2019-01-18,7900,0.9530516431924884
2019-01-21,7825,0.9389671361502349
2019-01-22,7725,0.9201877934272301
2019-01-23,7575,0.8920187793427231
2019-01-24,7475,0.8732394366197184
2019-01-25,7475,0.8732394366197184
2019-01-28,7375,0.8544600938967136
2019-01-29,7175,0.8169014084507041
2019-01-30,7125,0.8075117370892019
2019-01-31,7325,0.8450704225352114
2019-02-01,7500,0.8779342723004694
2019-02-04,7500,0.8779342723004694
2019-02-06,7450,0.8685446009389671
2019-02-07,7475,0.8732394366197184
2019-02-08,7500,0.8779342723004694
2019-02-11,7600,0.8967136150234741
2019-02-12,7675,0.9107981220657276
2019-02-13,7425,0.8638497652582159
2019-02-14,7350,0.8497652582159624
2019-02-15,7150,0.8122065727699531
2019-02-18,7300,0.8403755868544601
2019-02-19,7275,0.8356807511737089
2019-02-20,7250,0.8309859154929579
2019-02-21,7125,0.8075117370892019
2019-02-22,7275,0.8356807511737089
2019-02-25,7150,0.8122065727699531
2019-02-26,7275,0.8356807511737089
2019-02-27,7200,0.8215962441314554
2019-02-28,7225,0.8262910798122066
2019-03-01,7150,0.8122065727699531
2019-03-04,7175,0.8169014084507041
2019-03-05,7050,0.7934272300469484
2019-03-06,7000,0.7840375586854461
2019-03-08,7050,0.7934272300469484
2019-03-11,6950,0.7746478873239436
2019-03-12,6825,0.7511737089201879
2019-03-13,6800,0.7464788732394366
2019-03-14,6800,0.7464788732394366
2019-03-15,6925,0.7699530516431926
2019-03-18,7150,0.8122065727699531
2019-03-19,7175,0.8169014084507041
2019-03-20,7400,0.8591549295774649
2019-03-21,7500,0.8779342723004694
2019-03-22,7475,0.8732394366197184
2019-03-25,7250,0.8309859154929579
2019-03-26,7275,0.8356807511737089
2019-03-27,7425,0.8638497652582159
2019-03-28,7300,0.8403755868544601
2019-03-29,7400,0.8591549295774649
2019-04-01,7500,0.8779342723004694
2019-04-02,7525,0.8826291079812206
2019-04-04,7500,0.8779342723004694
2019-04-05,7675,0.9107981220657276
2019-04-08,7600,0.8967136150234741
2019-04-09,7575,0.8920187793427231
2019-04-10,7650,0.9061032863849766
2019-04-11,7575,0.8920187793427231
2019-04-12,7350,0.8497652582159624
2019-04-15,7400,0.8591549295774649
2019-04-16,7375,0.8544600938967136
2019-04-18,7800,0.9342723004694836
2019-04-22,7800,0.9342723004694836
2019-04-23,7700,0.9154929577464789
2019-04-24,7700,0.9154929577464789
2019-04-25,7650,0.9061032863849766
2019-04-26,7550,0.8873239436619719
2019-04-29,7700,0.9154929577464789
2019-04-30,7825,0.9389671361502349
2019-05-02,7700,0.9154929577464789
2019-05-03,7700,0.9154929577464789
2019-05-06,7500,0.8779342723004694
2019-05-07,7675,0.9107981220657276
2019-05-08,7500,0.8779342723004694
2019-05-09,7450,0.8685446009389671
2019-05-10,7550,0.8873239436619719
2019-05-13,7575,0.8920187793427231
2019-05-14,7450,0.8685446009389671
2019-05-15,7525,0.8826291079812206
2019-05-16,7350,0.8497652582159624
2019-05-17,7500,0.8779342723004694
2019-05-20,7000,0.7840375586854461
2019-05-21,7275,0.8356807511737089
2019-05-22,7325,0.8450704225352114
2019-05-23,7350,0.8497652582159624
2019-05-24,7600,0.8967136150234741
2019-05-27,7600,0.8967136150234741
2019-05-28,7700,0.9154929577464789
2019-05-29,7450,0.8685446009389671
2019-05-31,7600,0.8967136150234741
2019-06-10,7850,0.9436619718309859
2019-06-11,7875,0.9483568075117371
2019-06-12,7900,0.9530516431924884
2019-06-13,7875,0.9483568075117371
2019-06-14,7875,0.9483568075117371
2019-06-17,7900,0.9530516431924884
2019-06-18,7775,0.9295774647887324
2019-06-19,7900,0.9530516431924884
2019-06-20,8000,0.9718309859154929
2019-06-21,8000,0.9718309859154929
2019-06-24,7900,0.9530516431924884
2019-06-25,8025,0.9765258215962441
2019-06-26,7850,0.9436619718309859
2019-06-27,7975,0.9671361502347419
2019-06-28,8025,0.9765258215962441
2019-07-01,8050,0.9812206572769954
2019-07-02,8050,0.9812206572769954
2019-07-03,7950,0.9624413145539906
2019-07-04,8050,0.9812206572769954
2019-07-05,7925,0.9577464788732394
2019-07-08,7750,0.9248826291079811
2019-07-09,7825,0.9389671361502349
2019-07-10,7950,0.9624413145539906
2019-07-11,8025,0.9765258215962441
2019-07-12,8050,0.9812206572769954
2019-07-15,8150,1.0
2019-07-16,8075,0.9859154929577464
2019-07-17,8000,0.9718309859154929
2019-07-18,7900,0.9530516431924884
2019-07-19,7800,0.9342723004694836
2019-07-22,7800,0.9342723004694836
2019-07-23,7825,0.9389671361502349
2019-07-24,7700,0.9154929577464789
2019-07-25,7725,0.9201877934272301
2019-07-26,7650,0.9061032863849766
2019-07-29,7825,0.9389671361502349
2019-07-30,7800,0.9342723004694836
2019-07-31,7875,0.9483568075117371
2019-08-01,7875,0.9483568075117371
2019-08-02,7700,0.9154929577464789
2019-08-05,7600,0.8967136150234741
2019-08-06,7300,0.8403755868544601
2019-08-07,7275,0.8356807511737089
2019-08-08,7450,0.8685446009389671
2019-08-09,7500,0.8779342723004694
2019-08-12,7500,0.8779342723004694
2019-08-13,7550,0.8873239436619719
2019-08-14,7500,0.8779342723004694
2019-08-15,7350,0.8497652582159624
2019-08-16,7400,0.8591549295774649
2019-08-19,7450,0.8685446009389671
2019-08-20,7425,0.8638497652582159
2019-08-21,7325,0.8450704225352114
2019-08-22,7300,0.8403755868544601
2019-08-23,7250,0.8309859154929579
2019-08-26,7100,0.8028169014084506
2019-08-27,7050,0.7934272300469484
2019-08-28,7025,0.7887323943661971
2019-08-29,7050,0.7934272300469484
2019-08-30,7125,0.8075117370892019
2019-09-02,7225,0.8262910798122066
2019-09-03,7175,0.8169014084507041
2019-09-04,6975,0.7793427230046949
2019-09-05,7000,0.7840375586854461
2019-09-06,7025,0.7887323943661971
2019-09-09,7075,0.7981220657276996
2019-09-10,6900,0.7652582159624414
2019-09-11,7000,0.7840375586854461
2019-09-12,7250,0.8309859154929579
2019-09-13,7225,0.8262910798122066
2019-09-16,7050,0.7934272300469484
2019-09-17,6925,0.7699530516431926
2019-09-18,7075,0.7981220657276996
2019-09-19,7175,0.8169014084507041
2019-09-20,7100,0.8028169014084506
2019-09-23,7050,0.7934272300469484
2019-09-24,6925,0.7699530516431926
2019-09-25,6975,0.7793427230046949
2019-09-26,7000,0.7840375586854461
2019-09-27,7000,0.7840375586854461
2019-09-30,6900,0.7652582159624414
2019-10-01,6900,0.7652582159624414
2019-10-02,6875,0.7605633802816901
2019-10-03,6525,0.6948356807511736
2019-10-04,6450,0.6807511737089201
2019-10-07,6475,0.6854460093896714
2019-10-08,6350,0.6619718309859156
2019-10-09,6450,0.6807511737089201
2019-10-10,6425,0.6760563380281691
2019-10-11,6500,0.6901408450704226
2019-10-14,6625,0.7136150234741784
2019-10-15,6550,0.6995305164319249
2019-10-16,6600,0.7089201877934271
2019-10-17,6625,0.7136150234741784
2019-10-18,6675,0.7230046948356809
2019-10-21,6800,0.7464788732394366
2019-10-22,6850,0.7558685446009389
2019-10-23,6825,0.7511737089201879
2019-10-24,7125,0.8075117370892019
2019-10-25,7275,0.8356807511737089
2019-10-28,7000,0.7840375586854461
2019-10-29,7100,0.8028169014084506
2019-10-30,7075,0.7981220657276996
2019-10-31,7050,0.7934272300469484
2019-11-01,7025,0.7887323943661971
2019-11-04,7000,0.7840375586854461
2019-11-05,6950,0.7746478873239436
2019-11-06,7175,0.8169014084507041
2019-11-07,7025,0.7887323943661971
2019-11-08,6975,0.7793427230046949
2019-11-11,7075,0.7981220657276996
2019-11-12,7000,0.7840375586854461
2019-11-13,7000,0.7840375586854461
2019-11-14,6875,0.7605633802816901
2019-11-15,6925,0.7699530516431926
2019-11-18,6950,0.7746478873239436
2019-11-19,7025,0.7887323943661971
2019-11-20,7150,0.8122065727699531
2019-11-21,7000,0.7840375586854461
2019-11-22,7100,0.8028169014084506
2019-11-25,7000,0.7840375586854461
2019-11-26,7000,0.7840375586854461
2019-11-27,6825,0.7511737089201879
2019-11-28,6850,0.7558685446009389
2019-11-29,6775,0.7417840375586854
2019-12-02,6975,0.7793427230046949
2019-12-03,7050,0.7934272300469484
2019-12-04,7075,0.7981220657276996
2019-12-05,7100,0.8028169014084506
2019-12-06,7200,0.8215962441314554
2019-12-09,7200,0.8215962441314554
2019-12-10,7200,0.8215962441314554
2019-12-11,7350,0.8497652582159624
2019-12-12,7325,0.8450704225352114
2019-12-13,7400,0.8591549295774649
2019-12-16,7350,0.8497652582159624
2019-12-17,7350,0.8497652582159624
2019-12-18,7350,0.8497652582159624
2019-12-19,7525,0.8826291079812206
2019-12-20,7550,0.8873239436619719
2019-12-23,7800,0.9342723004694836
2019-12-26,7775,0.9295774647887324
2019-12-27,7825,0.9389671361502349
2019-12-30,7725,0.9201877934272301
2020-01-02,7675,0.9107981220657276
2020-01-03,7750,0.9248826291079811
2020-01-06,7650,0.9061032863849766
2020-01-07,7725,0.9201877934272301
2020-01-08,7550,0.8873239436619719
2020-01-09,7550,0.8873239436619719
2020-01-10,7700,0.9154929577464789
2020-01-13,7725,0.9201877934272301
2020-01-14,7800,0.9342723004694836
2020-01-15,7750,0.9248826291079811
2020-01-16,7600,0.8967136150234741
2020-01-17,7575,0.8920187793427231
2020-01-20,7800,0.9342723004694836
2020-01-21,7750,0.9248826291079811
2020-01-22,7750,0.9248826291079811
2020-01-23,7800,0.9342723004694836
2020-01-24,7825,0.9389671361502349
2020-01-27,7950,0.9624413145539906
2020-01-28,7650,0.9061032863849766
2020-01-29,7825,0.9389671361502349
2020-01-30,7800,0.9342723004694836
2020-01-31,7675,0.9107981220657276
2020-02-03,7400,0.8591549295774649
2020-02-04,7600,0.8967136150234741
2020-02-05,7600,0.8967136150234741
2020-02-06,7800,0.9342723004694836
2020-02-07,7675,0.9107981220657276
2020-02-10,7700,0.9154929577464789
2020-02-11,7725,0.9201877934272301
2020-02-12,7825,0.9389671361502349
2020-02-13,7825,0.9389671361502349
2020-02-14,7750,0.9248826291079811
2020-02-17,7850,0.9436619718309859
2020-02-18,7800,0.9342723004694836
2020-02-19,7850,0.9436619718309859
2020-02-20,8025,0.9765258215962441
2020-02-21,7950,0.9624413145539906
2020-02-24,7800,0.9342723004694836
2020-02-25,7775,0.9295774647887324
2020-02-26,7750,0.9248826291079811
2020-02-27,7650,0.9061032863849766
2020-02-28,6750,0.7370892018779344
2020-03-02,7150,0.8122065727699531
2020-03-03,7100,0.8028169014084506
2020-03-04,7250,0.8309859154929579
2020-03-05,7550,0.8873239436619719
2020-03-06,7400,0.8591549295774649
2020-03-09,7000,0.7840375586854461
2020-03-10,6650,0.7183098591549296
2020-03-11,6925,0.7699530516431926
2020-03-12,6475,0.6854460093896714
2020-03-13,6200,0.6338028169014084
2020-03-16,6200,0.6338028169014084
2020-03-17,5925,0.5821596244131456
2020-03-18,5600,0.5211267605633804
2020-03-19,5000,0.4084507042253521
2020-03-20,4740,0.35962441314553995
2020-03-23,4350,0.2863849765258216
2020-03-24,4150,0.24882629107981225
2020-03-26,3800,0.18309859154929575
2020-03-27,4510,0.31643192488262917
2020-03-30,4840,0.3784037558685446
2020-03-31,4650,0.34272300469483574
2020-04-01,4650,0.34272300469483574
2020-04-02,4570,0.32769953051643197
2020-04-03,4800,0.37089201877934275
2020-04-06,5025,0.41314553990610325
2020-04-07,5400,0.4835680751173709
2020-04-08,5175,0.44131455399061037
2020-04-09,4800,0.37089201877934275
2020-04-13,4680,0.34835680751173714
2020-04-14,4480,0.31079812206572766
2020-04-15,4640,0.3408450704225352
2020-04-16,4400,0.295774647887324
2020-04-17,4220,0.2619718309859155
2020-04-20,4450,0.30516431924882625
2020-04-21,4370,0.2901408450704226
2020-04-22,4330,0.28262910798122065
2020-04-23,4490,0.3126760563380282
2020-04-24,4500,0.3145539906103286
2020-04-27,4310,0.2788732394366197
2020-04-28,4190,0.2563380281690141
2020-04-29,4200,0.2582159624413146
2020-04-30,4070,0.23380281690140847
2020-05-04,4460,0.3070422535211268
2020-05-05,4300,0.27699530516431925
2020-05-06,4250,0.2676056338028169
2020-05-08,4200,0.2582159624413146
2020-05-11,4280,0.2732394366197183
2020-05-12,4230,0.263849765258216
2020-05-13,3990,0.2187793427230047
2020-05-14,3970,0.21502347417840373
2020-05-15,3950,0.21126760563380287
2020-05-18,3800,0.18309859154929575
2020-05-19,3760,0.17558685446009392
2020-05-20,3850,0.19248826291079812
2020-05-26,4130,0.24507042253521127
2020-05-27,4150,0.24882629107981225
2020-05-28,4150,0.24882629107981225
2020-05-29,4290,0.2751173708920188
2020-06-02,4550,0.323943661971831
2020-06-03,4670,0.3464788732394366
2020-06-04,4900,0.3896713615023474
2020-06-05,4730,0.3577464788732394
2020-06-08,5000,0.4084507042253521
2020-06-09,5300,0.46478873239436624
2020-06-10,5200,0.4460093896713615
2020-06-11,4800,0.37089201877934275
2020-06-12,4590,0.33145539906103283
2020-06-15,4850,0.3802816901408451
2020-06-16,4820,0.3746478873239437
2020-06-17,5100,0.42723004694835687
2020-06-18,4840,0.3784037558685446
2020-06-19,4880,0.3859154929577465
2020-06-22,4880,0.3859154929577465
2020-06-23,4850,0.3802816901408451
2020-06-24,4890,0.38779342723004695
2020-06-25,5075,0.4225352112676056
2020-06-26,5125,0.431924882629108
2020-06-29,4980,0.40469483568075115
2020-06-30,5025,0.41314553990610325
2020-07-01,5000,0.4084507042253521
2020-07-02,4980,0.40469483568075115
2020-07-03,4960,0.4009389671361503
2020-07-06,5000,0.4084507042253521
2020-07-07,5125,0.431924882629108
2020-07-08,5050,0.4178403755868545
2020-07-09,5350,0.4741784037558686
2020-07-10,5250,0.45539906103286387
2020-07-13,5250,0.45539906103286387
2020-07-14,5300,0.46478873239436624
2020-07-15,5350,0.4741784037558686
2020-07-16,5275,0.460093896713615
2020-07-17,5275,0.460093896713615
2020-07-20,5175,0.44131455399061037
2020-07-21,5150,0.43661971830985913
2020-07-22,5375,0.47887323943661964
2020-07-23,5475,0.4976525821596244
2020-07-24,5700,0.5399061032863849
2020-07-27,5625,0.5258215962441314
2020-07-28,5900,0.5774647887323944
2020-07-29,5850,0.5680751173708921
2020-07-30,5725,0.5446009389671361
2020-08-03,5850,0.5680751173708921
2020-08-04,5525,0.5070422535211269
2020-08-05,5550,0.5117370892018779
2020-08-06,5700,0.5399061032863849
2020-08-07,5700,0.5399061032863849
2020-08-10,5800,0.5586854460093896
2020-08-11,5825,0.5633802816901409
2020-08-12,6000,0.5962441314553991
2020-08-13,6250,0.6431924882629109
2020-08-14,6075,0.6103286384976526
2020-08-18,6025,0.6009389671361501
2020-08-19,6175,0.6291079812206574
2020-08-24,6050,0.6056338028169014
2020-08-25,6050,0.6056338028169014
2020-08-26,6250,0.6431924882629109
2020-08-27,6350,0.6619718309859156
2020-08-28,6275,0.6478873239436619
2020-08-31,6225,0.6384976525821596
2020-09-01,5975,0.5915492957746479
2020-09-02,6125,0.6197183098591549
2020-09-03,6075,0.6103286384976526
2020-09-04,5950,0.5868544600938966
2020-09-07,5925,0.5821596244131456
2020-09-08,5900,0.5774647887323944
2020-09-09,5900,0.5774647887323944
2020-09-10,5525,0.5070422535211269
2020-09-11,5050,0.4178403755868545
2020-09-14,5475,0.4976525821596244
2020-09-15,5750,0.5492957746478874
2020-09-16,5750,0.5492957746478874
2020-09-17,5600,0.5211267605633804
2020-09-18,5575,0.5164319248826291
2020-09-21,5575,0.5164319248826291
2020-09-22,5300,0.46478873239436624
2020-09-23,5300,0.46478873239436624
2020-09-24,5050,0.4178403755868545
2020-09-25,5200,0.4460093896713615
2020-09-28,5400,0.4835680751173709
2020-09-29,5200,0.4460093896713615
2020-09-30,5100,0.42723004694835687
2020-10-01,5000,0.4084507042253521
2020-10-02,5175,0.44131455399061037
2020-10-05,5250,0.45539906103286387
2020-10-06,5500,0.5023474178403756
2020-10-07,5400,0.4835680751173709
2020-10-08,5550,0.5117370892018779
2020-10-09,5450,0.49295774647887314
2020-10-12,5575,0.5164319248826291
2020-10-13,5625,0.5258215962441314
2020-10-14,5725,0.5446009389671361
2020-10-15,5700,0.5399061032863849
2020-10-16,5600,0.5211267605633804
2020-10-19,5600,0.5211267605633804
2020-10-20,5725,0.5446009389671361
2020-10-21,5675,0.5352112676056339
2020-10-22,5500,0.5023474178403756
2020-10-23,5525,0.5070422535211269
2020-10-26,5625,0.5258215962441314
2020-10-27,5750,0.5492957746478874
2020-11-02,5675,0.5352112676056339
2020-11-03,5975,0.5915492957746479
2020-11-04,5950,0.5868544600938966
2020-11-05,5875,0.5727699530516431
2020-11-06,5975,0.5915492957746479
2020-11-09,6250,0.6431924882629109
2020-11-10,6400,0.6713615023474179
2020-11-11,6425,0.6760563380281691
2020-11-12,6375,0.6666666666666666
2020-11-13,6100,0.6150234741784039
2020-11-16,6300,0.6525821596244131
2020-11-17,6275,0.6478873239436619
2020-11-18,6150,0.6244131455399061
2020-11-19,6250,0.6431924882629109
2020-11-20,6275,0.6478873239436619
2020-11-23,6300,0.6525821596244131
2020-11-24,6450,0.6807511737089201
2020-11-25,6500,0.6901408450704226
2020-11-26,6600,0.7089201877934271
2020-11-27,6775,0.7417840375586854
2020-11-30,6550,0.6995305164319249
2020-12-01,6325,0.6572769953051644
2020-12-02,6525,0.6948356807511736
2020-12-03,6650,0.7183098591549296
2020-12-04,6500,0.6901408450704226
2020-12-07,6675,0.7230046948356809
2020-12-08,6675,0.7230046948356809
2020-12-10,6775,0.7417840375586854
2020-12-11,6850,0.7558685446009389
2020-12-14,6725,0.7323943661971831
2020-12-15,6700,0.7276995305164319
2020-12-16,6800,0.7464788732394366
2020-12-17,6775,0.7417840375586854
2020-12-18,6800,0.7464788732394366
2020-12-21,6775,0.7417840375586854
2020-12-22,6575,0.7042253521126761
2020-12-23,6500,0.6901408450704226
2020-12-28,6500,0.6901408450704226
2020-12-29,6575,0.7042253521126761
2020-12-30,6525,0.6948356807511736
2021-01-04,6350,0.6619718309859156
2021-01-05,6550,0.6995305164319249
2021-01-06,6425,0.6760563380281691
2021-01-07,6450,0.6807511737089201
2021-01-08,6475,0.6854460093896714
2021-01-11,6575,0.7042253521126761
2021-01-12,6900,0.7652582159624414
2021-01-13,7050,0.7934272300469484
2021-01-14,7050,0.7934272300469484
2021-01-15,6875,0.7605633802816901
2021-01-18,6600,0.7089201877934271
2021-01-19,7000,0.7840375586854461
2021-01-20,7000,0.7840375586854461
2021-01-21,7375,0.8544600938967136
2021-01-22,7275,0.8356807511737089
2021-01-25,7250,0.8309859154929579
2021-01-26,7300,0.8403755868544601
2021-01-27,7400,0.8591549295774649
2021-01-28,7150,0.8122065727699531
2021-01-29,7100,0.8028169014084506
2021-02-01,6650,0.7183098591549296
2021-02-02,6800,0.7464788732394366
2021-02-03,6600,0.7089201877934271
2021-02-04,6575,0.7042253521126761
2021-02-05,6700,0.7276995305164319
2021-02-08,6600,0.7089201877934271
2021-02-09,6600,0.7089201877934271
2021-02-10,6575,0.7042253521126761
2021-02-11,6550,0.6995305164319249
2021-02-15,6550,0.6995305164319249
2021-02-16,6500,0.6901408450704226
2021-02-17,6450,0.6807511737089201
2021-02-18,6250,0.6431924882629109
2021-02-19,6250,0.6431924882629109
2021-02-22,6450,0.6807511737089201
2021-02-23,6300,0.6525821596244131
2021-02-24,6350,0.6619718309859156
2021-02-25,6425,0.6760563380281691
2021-02-26,6175,0.6291079812206574
2021-03-01,6225,0.6384976525821596
2021-03-02,6650,0.7183098591549296
2021-03-03,6675,0.7230046948356809
2021-03-04,6625,0.7136150234741784
2021-03-05,6525,0.6948356807511736
2021-03-08,6550,0.6995305164319249
2021-03-09,3188,0.06816901408450704
2021-03-10,3250,0.07981220657277
2021-03-12,3275,0.08450704225352113
2021-03-15,3388,0.10572769953051642
2021-03-16,3325,0.0938967136150235
2021-03-17,3300,0.08920187793427226
2021-03-18,3313,0.09164319248826291
2021-03-19,3400,0.107981220657277
2021-03-22,3375,0.10328638497652587
2021-03-23,3375,0.10328638497652587
2021-03-24,3250,0.07981220657277
2021-03-25,3225,0.07511737089201875
2021-03-26,3225,0.07511737089201875
2021-03-29,3200,0.07042253521126762
2021-03-30,3200,0.07042253521126762
2021-03-31,3125,0.05633802816901412
2021-04-01,3125,0.05633802816901412
2021-04-05,3150,0.06103286384976525
2021-04-06,3113,0.05408450704225354
2021-04-07,3150,0.06103286384976525
2021-04-08,3125,0.05633802816901412
2021-04-09,3188,0.06816901408450704
2021-04-12,3213,0.07286384976525817
2021-04-13,3100,0.05164319248826288
2021-04-14,3175,0.06572769953051649
2021-04-15,3200,0.07042253521126762
2021-04-16,3175,0.06572769953051649
2021-04-19,3125,0.05633802816901412
2021-04-20,3100,0.05164319248826288
2021-04-21,3075,0.04694835680751175
2021-04-22,3088,0.04938967136150241
2021-04-23,3025,0.03755868544600938
2021-04-26,3050,0.04225352112676062
2021-04-27,2988,0.030610328638497664
2021-04-28,3050,0.04225352112676062
2021-04-29,3113,0.05408450704225354
2021-04-30,3113,0.05408450704225354
2021-05-03,3050,0.04225352112676062
2021-05-04,3025,0.03755868544600938
2021-05-05,3075,0.04694835680751175
2021-05-06,3063,0.044694835680751166
2021-05-07,3063,0.044694835680751166
2021-05-10,3013,0.035305164319248794
2021-05-11,3000,0.032863849765258246
2021-05-17,2988,0.030610328638497664
2021-05-18,2988,0.030610328638497664
2021-05-19,2900,0.014084507042253502
2021-05-20,2825,0.0
2021-05-21,2863,0.007136150234741789
2021-05-24,2938,0.02122065727699529
2021-05-25,2888,0.01183098591549292
2021-05-27,3000,0.032863849765258246
2021-05-28,2913,0.01652582159624416
2021-05-31,2938,0.02122065727699529
2021-06-02,3075,0.04694835680751175
2021-06-03,3088,0.04938967136150241
2021-06-04,3125,0.05633802816901412
2021-06-07,3100,0.05164319248826288
2021-06-08,3075,0.04694835680751175
2021-06-09,3038,0.040000000000000036
2021-06-10,3088,0.04938967136150241
2021-06-11,3138,0.05877934272300467
2021-06-14,3150,0.06103286384976525
2021-06-15,3150,0.06103286384976525
2021-06-16,3163,0.06347417840375591
2021-06-17,3125,0.05633802816901412
2021-06-18,3088,0.04938967136150241
2021-06-21,3050,0.04225352112676062
2021-06-22,3038,0.040000000000000036
2021-06-23,3113,0.05408450704225354
2021-06-24,3050,0.04225352112676062
2021-06-25,3000,0.032863849765258246
2021-06-28,2913,0.01652582159624416
2021-06-29,2925,0.018779342723004744
2021-06-30,2925,0.018779342723004744
2021-07-01,2975,0.028169014084507005
2021-07-02,2988,0.030610328638497664
2021-07-05,2988,0.030610328638497664
2021-07-06,2950,0.023474178403755874
2021-07-07,2888,0.01183098591549292
2021-07-08,2925,0.018779342723004744
2021-07-09,2950,0.023474178403755874
2021-07-12,2938,0.02122065727699529
2021-07-13,2925,0.018779342723004744
2021-07-14,2900,0.014084507042253502
2021-07-15,2863,0.007136150234741789
2021-07-16,2938,0.02122065727699529
2021-07-19,2900,0.014084507042253502
2021-07-21,2913,0.01652582159624416
2021-07-22,2988,0.030610328638497664
2021-07-23,3000,0.032863849765258246
2021-07-26,2988,0.030610328638497664
2021-07-27,2925,0.018779342723004744
2021-07-28,2875,0.009389671361502372
2021-07-29,2950,0.023474178403755874
2021-07-30,2913,0.01652582159624416
2021-08-02,2888,0.01183098591549292
2021-08-03,2850,0.0046948356807511304
2021-08-04,2913,0.01652582159624416
2021-08-05,2938,0.02122065727699529
2021-08-06,3038,0.040000000000000036
2021-08-09,3000,0.032863849765258246
2021-08-10,2900,0.014084507042253502
2021-08-12,2938,0.02122065727699529
2021-08-13,2988,0.030610328638497664
2021-08-16,3000,0.032863849765258246
2021-08-18,3000,0.032863849765258246
2021-08-19,3050,0.04225352112676062
2021-08-20,2950,0.023474178403755874
2021-08-23,2950,0.023474178403755874
2021-08-24,2975,0.028169014084507005
2021-08-25,2938,0.02122065727699529
2021-08-26,2925,0.018779342723004744
2021-08-27,2913,0.01652582159624416
2021-08-30,2925,0.018779342723004744
2021-08-31,3000,0.032863849765258246
2021-09-01,3050,0.04225352112676062
2021-09-02,3025,0.03755868544600938
2021-09-03,3050,0.04225352112676062
2021-09-06,3100,0.05164319248826288
2021-09-07,3125,0.05633802816901412
2021-09-08,3150,0.06103286384976525
2021-09-09,3150,0.06103286384976525
2021-09-10,3138,0.05877934272300467
2021-09-13,3050,0.04225352112676062
2021-09-14,3075,0.04694835680751175
2021-09-15,3088,0.04938967136150241
2021-09-16,3088,0.04938967136150241
2021-09-17,3063,0.044694835680751166
2021-09-20,3013,0.035305164319248794
2021-09-21,3013,0.035305164319248794
2021-09-22,2988,0.030610328638497664
2021-09-23,3063,0.044694835680751166
2021-09-24,3038,0.040000000000000036
2021-09-27,3000,0.032863849765258246
2021-09-28,2975,0.028169014084507005
2021-09-29,2975,0.028169014084507005
2021-09-30,3025,0.03755868544600938
2021-10-01,3075,0.04694835680751175
2021-10-04,3088,0.04938967136150241
2021-10-05,3225,0.07511737089201875
2021-10-06,3238,0.07755868544600941
2021-10-07,3325,0.0938967136150235
2021-10-08,3363,0.10103286384976529
2021-10-11,3450,0.11737089201877937
2021-10-12,3488,0.12450704225352116
2021-10-13,3538,0.13389671361502353
2021-10-14,3563,0.13859154929577466
2021-10-15,3588,0.1432863849765258
2021-10-18,3600,0.14553990610328638
2021-10-19,3625,0.15023474178403762
2021-10-21,3588,0.1432863849765258
2021-10-22,3550,0.136150234741784
2021-10-25,3588,0.1432863849765258
2021-10-26,3550,0.136150234741784
2021-10-27,3600,0.14553990610328638
2021-10-28,3563,0.13859154929577466
2021-10-29,3588,0.1432863849765258
2021-11-01,3625,0.15023474178403762
2021-11-02,3588,0.1432863849765258
2021-11-03,3488,0.12450704225352116
2021-11-04,3625,0.15023474178403762
2021-11-05,3625,0.15023474178403762
2021-11-08,3600,0.14553990610328638
2021-11-09,3525,0.13145539906103287
2021-11-10,3438,0.11511737089201879
2021-11-11,3563,0.13859154929577466
2021-11-12,3638,0.15267605633802817
2021-11-15,3550,0.136150234741784
2021-11-16,3525,0.13145539906103287
2021-11-17,3613,0.14798122065727704
2021-11-18,3600,0.14553990610328638
2021-11-19,3588,0.1432863849765258
2021-11-22,3675,0.15962441314553988
2021-11-23,3613,0.14798122065727704
2021-11-24,3563,0.13859154929577466
2021-11-25,3613,0.14798122065727704
2021-11-26,3663,0.1573708920187793
2021-11-29,3550,0.136150234741784
2021-11-30,3625,0.15023474178403762
2021-12-01,3500,0.12676056338028174
2021-12-02,3538,0.13389671361502353
2021-12-03,3600,0.14553990610328638
2021-12-06,3575,0.14084507042253525
2021-12-07,3588,0.1432863849765258
2021-12-08,3638,0.15267605633802817
2021-12-09,3625,0.15023474178403762
2021-12-10,3600,0.14553990610328638
2021-12-13,3600,0.14553990610328638
2021-12-14,3563,0.13859154929577466
2021-12-15,3575,0.14084507042253525
2021-12-16,3650,0.15492957746478875
2021-12-17,3613,0.14798122065727704
2021-12-20,3550,0.136150234741784
2021-12-21,3575,0.14084507042253525
2021-12-22,3588,0.1432863849765258
2021-12-23,3525,0.13145539906103287
2021-12-24,3550,0.136150234741784
2021-12-27,3525,0.13145539906103287
2021-12-28,3525,0.13145539906103287
2021-12-29,3538,0.13389671361502353
2021-12-30,3550,0.136150234741784
2022-01-03,3550,0.136150234741784
2022-01-04,3538,0.13389671361502353
2022-01-05,3575,0.14084507042253525
2022-01-06,3538,0.13389671361502353
2022-01-07,3513,0.1292018779342723
2022-01-10,3538,0.13389671361502353
2022-01-11,3550,0.136150234741784
2022-01-12,3525,0.13145539906103287
2022-01-13,3575,0.14084507042253525
2022-01-14,3538,0.13389671361502353
2022-01-17,3625,0.15023474178403762
2022-01-18,3588,0.1432863849765258
2022-01-19,3588,0.1432863849765258
2022-01-20,3550,0.136150234741784
2022-01-21,3588,0.1432863849765258
2022-01-24,3638,0.15267605633802817
2022-01-25,3600,0.14553990610328638
2022-01-26,3650,0.15492957746478875
2022-01-27,3738,0.1714553990610329
2022-01-28,3813,0.1855399061032864
2022-01-31,3888,0.19962441314553991
2022-02-02,3763,0.17615023474178404
2022-02-03,3738,0.1714553990610329
2022-02-04,3725,0.16901408450704225
2022-02-07,3825,0.187793427230047
2022-02-08,3800,0.18309859154929575
2022-02-09,3850,0.19248826291079812
2022-02-10,3850,0.19248826291079812
2022-02-11,3888,0.19962441314553991
2022-02-14,3850,0.19248826291079812
2022-02-15,3900,0.2018779342723005
2022-02-16,3963,0.21370892018779342
2022-02-17,3938,0.20901408450704229
2022-02-18,3913,0.20431924882629104
2022-02-21,3925,0.20657276995305163
2022-02-22,3913,0.20431924882629104
2022-02-23,3963,0.21370892018779342
2022-02-24,3863,0.19492957746478878
2022-02-25,3863,0.19492957746478878
2022-03-01,3838,0.19023474178403754
2022-03-02,3825,0.187793427230047
2022-03-04,3850,0.19248826291079812
2022-03-07,3775,0.17840375586854462
2022-03-08,3813,0.1855399061032864
2022-03-09,3788,0.18084507042253517
2022-03-10,3850,0.19248826291079812
2022-03-11,3863,0.19492957746478878
2022-03-14,3825,0.187793427230047
2022-03-15,3900,0.2018779342723005
2022-03-16,3900,0.2018779342723005
2022-03-17,4000,0.22065727699530513
2022-03-18,3988,0.21840375586854466
2022-03-21,3838,0.19023474178403754
2022-03-22,3850,0.19248826291079812
2022-03-23,3838,0.19023474178403754
2022-03-24,3850,0.19248826291079812
2022-03-25,3975,0.215962441314554
2022-03-28,3938,0.20901408450704229
2022-03-29,3988,0.21840375586854466
2022-03-30,3975,0.215962441314554
2022-03-31,3963,0.21370892018779342
2022-04-01,3950,0.21126760563380287
2022-04-04,3913,0.20431924882629104
2022-04-05,3900,0.2018779342723005
2022-04-06,3900,0.2018779342723005
2022-04-07,3838,0.19023474178403754
2022-04-08,3900,0.2018779342723005
2022-04-11,3850,0.19248826291079812
2022-04-12,3838,0.19023474178403754
2022-04-13,3838,0.19023474178403754
2022-04-14,3863,0.19492957746478878
2022-04-18,3838,0.19023474178403754
2022-04-19,3813,0.1855399061032864
2022-04-20,3825,0.187793427230047
2022-04-21,4000,0.22065727699530513
2022-04-22,4100,0.23943661971830987
2022-04-25,4100,0.23943661971830987
2022-04-26,4125,0.244131455399061
2022-04-27,4138,0.24657276995305166
2022-04-28,4388,0.2935211267605634
2022-05-09,4313,0.2794366197183099
2022-05-10,3913,0.20431924882629104
2022-05-11,4050,0.2300469483568075
2022-05-12,3988,0.21840375586854466
2022-05-13,3938,0.20901408450704229
2022-05-17,3900,0.2018779342723005
2022-05-18,3988,0.21840375586854466
2022-05-19,3900,0.2018779342723005
2022-05-20,3975,0.215962441314554
2022-05-23,4025,0.22535211267605637
2022-05-24,3975,0.215962441314554
2022-05-25,3950,0.21126760563380287
2022-05-27,4000,0.22065727699530513
2022-05-30,4100,0.23943661971830987
2022-05-31,4138,0.24657276995305166
2022-06-02,4163,0.2512676056338028
2022-06-03,4138,0.24657276995305166
2022-06-06,4100,0.23943661971830987
2022-06-07,4100,0.23943661971830987
2022-06-08,4113,0.24187793427230053
2022-06-09,4200,0.2582159624413146
2022-06-10,4138,0.24657276995305166
2022-06-13,4000,0.22065727699530513
2022-06-14,4000,0.22065727699530513
2022-06-15,4063,0.23248826291079816
2022-06-16,4250,0.2676056338028169
2022-06-17,4088,0.2371830985915493
2022-06-20,4050,0.2300469483568075
2022-06-21,4150,0.24882629107981225
2022-06-22,4100,0.23943661971830987
2022-06-23,4075,0.23474178403755874
2022-06-24,4100,0.23943661971830987
2022-06-27,4200,0.2582159624413146
2022-06-28,4075,0.23474178403755874
2022-06-29,4050,0.2300469483568075
2022-06-30,4000,0.22065727699530513
2022-07-01,3938,0.20901408450704229
2022-07-04,3788,0.18084507042253517
2022-07-05,3725,0.16901408450704225
2022-07-06,3825,0.187793427230047
2022-07-07,3750,0.17370892018779338
2022-07-08,3775,0.17840375586854462
2022-07-11,3738,0.1714553990610329
2022-07-12,3738,0.1714553990610329
2022-07-13,3700,0.16431924882629112
2022-07-14,3625,0.15023474178403762
2022-07-15,3650,0.15492957746478875
2022-07-18,3613,0.14798122065727704
2022-07-19,3675,0.15962441314553988
2022-07-20,3775,0.17840375586854462
2022-07-21,4000,0.22065727699530513
2022-07-22,3963,0.21370892018779342
2022-07-25,3938,0.20901408450704229
2022-07-26,3913,0.20431924882629104
2022-07-27,4025,0.22535211267605637
2022-07-28,4013,0.2230985915492958
2022-07-29,4113,0.24187793427230053
2022-08-01,4100,0.23943661971830987
2022-08-02,4000,0.22065727699530513
2022-08-03,4088,0.2371830985915493
2022-08-04,4150,0.24882629107981225
2022-08-05,4138,0.24657276995305166
2022-08-08,4125,0.244131455399061
2022-08-09,4213,0.26065727699530516
2022-08-10,4175,0.2535211267605634
2022-08-11,4313,0.2794366197183099
2022-08-12,4263,0.27004694835680754
2022-08-15,4225,0.26291079812206575
2022-08-16,4275,0.2723004694835681
2022-08-18,4388,0.2935211267605634
2022-08-19,4300,0.27699530516431925
2022-08-22,4213,0.26065727699530516
2022-08-23,4250,0.2676056338028169
2022-08-24,4300,0.27699530516431925
2022-08-25,4275,0.2723004694835681
2022-08-26,4313,0.2794366197183099
2022-08-29,4200,0.2582159624413146
2022-08-30,4313,0.2794366197183099
2022-08-31,4250,0.2676056338028169
2022-09-01,4425,0.3004694835680751
2022-09-02,4488,0.31230046948356804
2022-09-05,4425,0.3004694835680751
2022-09-06,4488,0.31230046948356804
2022-09-07,4388,0.2935211267605634
2022-09-08,4450,0.30516431924882625
2022-09-09,4538,0.3216901408450704
2022-09-12,4575,0.32863849765258213
2022-09-13,4625,0.3380281690140845
2022-09-14,4638,0.34046948356807516
2022-09-15,4700,0.352112676056338
2022-09-16,4638,0.34046948356807516
2022-09-19,4625,0.3380281690140845
2022-09-20,4663,0.3451643192488263
2022-09-21,4575,0.32863849765258213
2022-09-22,4638,0.34046948356807516
2022-09-23,4600,0.33333333333333337
2022-09-26,4563,0.32638497652582166
2022-09-27,4625,0.3380281690140845
2022-09-28,4725,0.35680751173708924
2022-09-29,4675,0.3474178403755869
2022-09-30,4650,0.34272300469483574
2022-10-03,4663,0.3451643192488263
2022-10-04,4650,0.34272300469483574
2022-10-05,4650,0.34272300469483574
2022-10-06,4650,0.34272300469483574
2022-10-07,4663,0.3451643192488263
2022-10-10,4688,0.3498591549295774
2022-10-11,4713,0.35455399061032866
2022-10-12,4688,0.3498591549295774
2022-10-13,4750,0.3615023474178404
2022-10-14,4825,0.3755868544600939
2022-10-17,4725,0.35680751173708924
2022-10-18,4750,0.3615023474178404
2022-10-19,4688,0.3498591549295774
2022-10-20,4675,0.3474178403755869
2022-10-21,5000,0.4084507042253521
2022-10-24,5163,0.4390610328638498
2022-10-25,5138,0.43436619718309855
2022-10-26,5113,0.4296713615023474
2022-10-27,5100,0.42723004694835687
2022-10-28,5063,0.42028169014084504
2022-10-31,5150,0.43661971830985913
2022-11-01,5300,0.46478873239436624
2022-11-02,5188,0.4437558685446009
2022-11-03,4975,0.403755868544601
2022-11-04,5013,0.4108920187793428
2022-11-07,5088,0.4249765258215963
2022-11-08,5138,0.43436619718309855
2022-11-09,5025,0.41314553990610325
2022-11-10,5025,0.41314553990610325
2022-11-11,5150,0.43661971830985913
2022-11-14,5275,0.460093896713615
2022-11-15,5150,0.43661971830985913
2022-11-16,5050,0.4178403755868545
2022-11-17,4925,0.3943661971830986
2022-11-18,4975,0.403755868544601
2022-11-21,5088,0.4249765258215963
2022-11-22,5025,0.41314553990610325
2022-11-23,5063,0.42028169014084504
2022-11-24,5113,0.4296713615023474
2022-11-25,5113,0.4296713615023474
2022-11-28,5088,0.4249765258215963
2022-11-29,5125,0.431924882629108
2022-11-30,5163,0.4390610328638498
2022-12-01,5263,0.4578403755868544
2022-12-02,5200,0.4460093896713615
2022-12-05,5325,0.4694835680751174
2022-12-06,5438,0.49070422535211267
2022-12-07,5313,0.4672300469483568
2022-12-08,5038,0.4155868544600939
2022-12-09,4975,0.403755868544601
2022-12-12,4913,0.39211267605633804
2022-12-13,4888,0.3874178403755869
2022-12-14,5038,0.4155868544600939
2022-12-15,4950,0.39906103286384975
2022-12-16,4913,0.39211267605633804
2022-12-19,5000,0.4084507042253521
2022-12-20,5000,0.4084507042253521
2022-12-21,5063,0.42028169014084504
2022-12-22,5050,0.4178403755868545
2022-12-23,4950,0.39906103286384975
2022-12-26,4988,0.40619718309859154
2022-12-27,5025,0.41314553990610325
2022-12-28,5000,0.4084507042253521
2022-12-29,4950,0.39906103286384975
2022-12-30,5000,0.4084507042253521
2023-01-02,4963,0.4015023474178404
2023-01-03,4925,0.3943661971830986
2023-01-04,5013,0.4108920187793428
2023-01-05,5025,0.41314553990610325
2023-01-06,4863,0.38272300469483567
2023-01-09,4875,0.38497652582159625
2023-01-10,4750,0.3615023474178404
2023-01-11,4538,0.3216901408450704
2023-01-12,4500,0.3145539906103286
2023-01-13,4563,0.32638497652582166
2023-01-16,4550,0.323943661971831
2023-01-17,4700,0.352112676056338
2023-01-18,4825,0.3755868544600939
2023-01-19,4800,0.37089201877934275
2023-01-20,4925,0.3943661971830986
2023-01-24,4925,0.3943661971830986
2023-01-25,4900,0.3896713615023474
2023-01-26,4888,0.3874178403755869
2023-01-27,4950,0.39906103286384975
2023-01-30,5013,0.4108920187793428
2023-01-31,5013,0.4108920187793428
2023-02-01,4975,0.403755868544601
2023-02-02,4863,0.38272300469483567
2023-02-03,4875,0.38497652582159625
2023-02-06,4963,0.4015023474178404
2023-02-07,4975,0.403755868544601
2023-02-08,5063,0.42028169014084504
2023-02-09,5150,0.43661971830985913
2023-02-10,5225,0.45070422535211263
2023-02-13,5275,0.460093896713615
2023-02-14,5225,0.45070422535211263
2023-02-15,5150,0.43661971830985913
2023-02-16,5113,0.4296713615023474
2023-02-17,5088,0.4249765258215963
2023-02-20,5150,0.43661971830985913
2023-02-21,5150,0.43661971830985913
2023-02-22,5063,0.42028169014084504
2023-02-23,4988,0.40619718309859154
2023-02-24,5063,0.42028169014084504
2023-02-27,5038,0.4155868544600939
2023-02-28,5038,0.4155868544600939
2023-03-01,5075,0.4225352112676056
2023-03-02,5075,0.4225352112676056
2023-03-03,5100,0.42723004694835687
2023-03-06,5088,0.4249765258215963
2023-03-07,5075,0.4225352112676056
2023-03-08,5125,0.431924882629108
2023-03-09,5200,0.4460093896713615
2023-03-10,5213,0.44845070422535216
2023-03-13,5138,0.43436619718309855
2023-03-14,5100,0.42723004694835687
2023-03-15,5025,0.41314553990610325
2023-03-16,5038,0.4155868544600939
2023-03-17,4975,0.403755868544601
2023-03-20,5025,0.41314553990610325
2023-03-21,5050,0.4178403755868545
2023-03-24,5313,0.4672300469483568
2023-03-27,5200,0.4460093896713615
2023-03-28,5100,0.42723004694835687
2023-03-29,5125,0.431924882629108
2023-03-30,5175,0.44131455399061037
2023-03-31,5138,0.43436619718309855
2023-04-03,5200,0.4460093896713615
2023-04-04,5250,0.45539906103286387
2023-04-05,5150,0.43661971830985913
2023-04-06,5225,0.45070422535211263
2023-04-10,5150,0.43661971830985913
2023-04-11,5100,0.42723004694835687
2023-04-12,5100,0.42723004694835687
2023-04-13,5175,0.44131455399061037
2023-04-14,5150,0.43661971830985913
2023-04-17,5225,0.45070422535211263
2023-04-18,5150,0.43661971830985913
2023-04-26,5400,0.4835680751173709
2023-04-27,5175,0.44131455399061037
2023-04-28,5225,0.45070422535211263
2023-05-02,5250,0.45539906103286387
2023-05-03,5250,0.45539906103286387
2023-05-04,5175,0.44131455399061037
2023-05-05,5175,0.44131455399061037
2023-05-08,5175,0.44131455399061037
2023-05-09,5100,0.42723004694835687
2023-05-10,5050,0.4178403755868545
2023-05-11,5075,0.4225352112676056
2023-05-12,5075,0.4225352112676056
2023-05-15,5050,0.4178403755868545
2023-05-16,5075,0.4225352112676056
2023-05-17,4990,0.4065727699530517
2023-05-19,5075,0.4225352112676056
2023-05-22,5100,0.42723004694835687
2023-05-23,5200,0.4460093896713615
2023-05-24,5125,0.431924882629108
2023-05-25,5050,0.4178403755868545
2023-05-26,5175,0.44131455399061037
2023-05-29,5175,0.44131455399061037
2023-05-30,5100,0.42723004694835687
2023-05-31,5175,0.44131455399061037
2023-06-05,5100,0.42723004694835687
2023-06-06,5050,0.4178403755868545
2023-06-07,5000,0.4084507042253521
2023-06-08,5000,0.4084507042253521
2023-06-09,5025,0.41314553990610325
2023-06-12,5100,0.42723004694835687
2023-06-13,5100,0.42723004694835687
2023-06-14,5125,0.431924882629108
2023-06-15,5050,0.4178403755868545
2023-06-16,5125,0.431924882629108
2023-06-19,5100,0.42723004694835687
2023-06-20,5100,0.42723004694835687
2023-06-21,5050,0.4178403755868545
2023-06-22,5100,0.42723004694835687
2023-06-23,5075,0.4225352112676056
2023-06-26,5100,0.42723004694835687
2023-06-27,5175,0.44131455399061037
2023-07-03,5125,0.431924882629108
2023-07-04,5400,0.4835680751173709
2023-07-05,5300,0.46478873239436624
2023-07-06,5300,0.46478873239436624
2023-07-07,5275,0.460093896713615
2023-07-10,5175,0.44131455399061037
2023-07-11,5200,0.4460093896713615
2023-07-12,5300,0.46478873239436624
2023-07-13,5375,0.47887323943661964
2023-07-14,5400,0.4835680751173709
2023-07-17,5425,0.4882629107981221
2023-07-18,5375,0.47887323943661964
2023-07-20,5400,0.4835680751173709
2023-07-21,5550,0.5117370892018779
2023-07-24,5550,0.5117370892018779
2023-07-25,5550,0.5117370892018779
2023-07-26,5550,0.5117370892018779
2023-07-27,5575,0.5164319248826291
2023-07-28,5625,0.5258215962441314
2023-07-31,5800,0.5586854460093896
2023-08-01,5650,0.5305164319248826
2023-08-02,5625,0.5258215962441314
2023-08-03,5725,0.5446009389671361
2023-08-04,5800,0.5586854460093896
2023-08-07,5850,0.5680751173708921
2023-08-08,5900,0.5774647887323944
2023-08-09,5900,0.5774647887323944
2023-08-10,5925,0.5821596244131456
2023-08-11,5975,0.5915492957746479
2023-08-14,5925,0.5821596244131456
2023-08-15,5900,0.5774647887323944
2023-08-16,5775,0.5539906103286386
2023-08-18,5725,0.5446009389671361
2023-08-21,5800,0.5586854460093896
2023-08-22,5800,0.5586854460093896
2023-08-23,5950,0.5868544600938966
2023-08-24,5900,0.5774647887323944
2023-08-25,5900,0.5774647887323944
2023-08-28,5950,0.5868544600938966
2023-08-29,6000,0.5962441314553991
2023-08-30,5925,0.5821596244131456
2023-08-31,6000,0.5962441314553991
2023-09-01,6075,0.6103286384976526
2023-09-04,6075,0.6103286384976526
2023-09-05,6100,0.6150234741784039
2023-09-06,6050,0.6056338028169014
2023-09-07,6000,0.5962441314553991
2023-09-08,5900,0.5774647887323944
2023-09-11,5900,0.5774647887323944
2023-09-12,5950,0.5868544600938966
2023-09-13,5825,0.5633802816901409
2023-09-14,5825,0.5633802816901409
2023-09-15,5900,0.5774647887323944
2023-09-18,5900,0.5774647887323944
2023-09-19,5900,0.5774647887323944
2023-09-20,6100,0.6150234741784039
2023-09-21,6050,0.6056338028169014
2023-09-22,6000,0.5962441314553991
2023-09-25,6000,0.5962441314553991
2023-09-26,5975,0.5915492957746479
2023-09-27,5925,0.5821596244131456
2023-09-29,6050,0.6056338028169014
2023-10-02,6025,0.6009389671361501
2023-10-03,6000,0.5962441314553991
2023-10-04,6075,0.6103286384976526
2023-10-05,6150,0.6244131455399061
2023-10-06,6150,0.6244131455399061
2023-10-09,6025,0.6009389671361501
2023-10-10,5900,0.5774647887323944
2023-10-11,5950,0.5868544600938966
2023-10-12,6075,0.6103286384976526
2023-10-13,6075,0.6103286384976526
2023-10-16,6025,0.6009389671361501
2023-10-17,6000,0.5962441314553991
2023-10-18,5925,0.5821596244131456
2023-10-19,5775,0.5539906103286386
2023-10-20,5675,0.5352112676056339
2023-10-23,5700,0.5399061032863849
2023-10-24,5700,0.5399061032863849
2023-10-25,5825,0.5633802816901409
2023-10-26,5800,0.5586854460093896
2023-10-27,5750,0.5492957746478874
2023-10-30,5700,0.5399061032863849
2023-10-31,5800,0.5586854460093896
2023-11-01,5700,0.5399061032863849
2023-11-02,5750,0.5492957746478874
2023-11-03,5925,0.5821596244131456
2023-11-06,5900,0.5774647887323944
2023-11-07,5950,0.5868544600938966
2023-11-08,5775,0.5539906103286386
2023-11-09,5825,0.5633802816901409
2023-11-10,5850,0.5680751173708921
2023-11-13,5850,0.5680751173708921
2023-11-14,5825,0.5633802816901409
2023-11-15,5900,0.5774647887323944
2023-11-16,5850,0.5680751173708921
2023-11-17,5875,0.5727699530516431
2023-11-20,5825,0.5633802816901409
2023-11-21,5850,0.5680751173708921
2023-11-22,5825,0.5633802816901409
2023-11-23,5950,0.5868544600938966
2023-11-24,5925,0.5821596244131456
2023-11-27,5900,0.5774647887323944
2023-11-28,5900,0.5774647887323944
2023-11-29,5850,0.5680751173708921
2023-11-30,5850,0.5680751173708921
2023-12-01,5850,0.5680751173708921
2023-12-04,5925,0.5821596244131456
2023-12-05,6000,0.5962441314553991
2023-12-06,5925,0.5821596244131456
2023-12-07,5800,0.5586854460093896
2023-12-08,5750,0.5492957746478874
2023-12-11,5650,0.5305164319248826
2023-12-12,5800,0.5586854460093896
2023-12-13,5750,0.5492957746478874
2023-12-14,5825,0.5633802816901409
2023-12-15,5950,0.5868544600938966
2023-12-18,5850,0.5680751173708921
2023-12-19,5950,0.5868544600938966
2023-12-20,5900,0.5774647887323944
2023-12-21,5950,0.5868544600938966
2023-12-22,5950,0.5868544600938966
2023-12-27,6000,0.5962441314553991
2023-12-28,6050,0.6056338028169014
2023-12-29,6125,0.6197183098591549
2024-01-02,6050,0.6056338028169014
2024-01-03,6100,0.6150234741784039
2024-01-04,6125,0.6197183098591549
2024-01-05,6400,0.6713615023474179
2024-01-08,6500,0.6901408450704226
2024-01-09,6425,0.6760563380281691
2024-01-10,6375,0.6666666666666666
2024-01-11,6425,0.6760563380281691
2024-01-12,6575,0.7042253521126761
2024-01-15,6575,0.7042253521126761
2024-01-16,6525,0.6948356807511736
2024-01-17,6525,0.6948356807511736
2024-01-18,6525,0.6948356807511736
2024-01-19,6500,0.6901408450704226
2024-01-22,6500,0.6901408450704226
2024-01-23,6525,0.6948356807511736
2024-01-24,6450,0.6807511737089201
2024-01-25,6325,0.6572769953051644
2024-01-26,6250,0.6431924882629109
2024-01-29,6350,0.6619718309859156
2024-01-30,6475,0.6854460093896714
2024-01-31,6650,0.7183098591549296
2024-02-01,6575,0.7042253521126761
2024-02-02,6625,0.7136150234741784
2024-02-05,6700,0.7276995305164319
2024-02-06,6825,0.7511737089201879
2024-02-07,6875,0.7605633802816901
2024-02-12,7150,0.8122065727699531
2024-02-13,7100,0.8028169014084506
2024-02-15,7300,0.8403755868544601
2024-02-16,7375,0.8544600938967136
2024-02-19,7150,0.8122065727699531
2024-02-20,7250,0.8309859154929579
2024-02-21,7125,0.8075117370892019
2024-02-22,7175,0.8169014084507041
2024-02-23,7050,0.7934272300469484
2024-02-26,6950,0.7746478873239436
2024-02-27,6975,0.7793427230046949
2024-02-28,7025,0.7887323943661971
2024-02-29,7125,0.8075117370892019
2024-03-01,7050,0.7934272300469484
2024-03-04,7000,0.7840375586854461
2024-03-05,7075,0.7981220657276996
2024-03-06,7000,0.7840375586854461
2024-03-07,7075,0.7981220657276996
2024-03-08,7150,0.8122065727699531
2024-03-13,7250,0.8309859154929579
2024-03-14,7250,0.8309859154929579
2024-03-15,7450,0.8685446009389671
2024-03-18,7425,0.8638497652582159
2024-03-19,7250,0.8309859154929579
2024-03-20,7050,0.7934272300469484
2024-03-21,7100,0.8028169014084506
2024-03-22,7000,0.7840375586854461
2024-03-25,7050,0.7934272300469484
2024-03-26,7125,0.8075117370892019
2024-03-27,7200,0.8215962441314554
2024-03-28,7150,0.8122065727699531
2024-04-01,7250,0.8309859154929579
2024-04-02,6900,0.7652582159624414
2024-04-03,6950,0.7746478873239436
2024-04-04,6750,0.7370892018779344
2024-04-05,6825,0.7511737089201879
2024-04-16,6350,0.6619718309859156
2024-04-17,6700,0.7276995305164319
2024-04-18,6800,0.7464788732394366
2024-04-19,6725,0.7323943661971831
2024-04-22,6875,0.7605633802816901
2024-04-23,6850,0.7558685446009389
2024-04-24,6925,0.7699530516431926
2024-04-25,7050,0.7934272300469484
2024-04-26,7000,0.7840375586854461
2024-04-29,6650,0.7183098591549296
2024-04-30,6800,0.7464788732394366
2024-05-02,6800,0.7464788732394366
2024-05-03,6300,0.6525821596244131
2024-05-06,6250,0.6431924882629109
2024-05-07,6325,0.6572769953051644
2024-05-08,6325,0.6572769953051644
2024-05-13,6200,0.6338028169014084
2024-05-14,6175,0.6291079812206574
2024-05-15,6200,0.6338028169014084
2024-05-16,6450,0.6807511737089201
2024-05-17,6350,0.6619718309859156
2024-05-20,6550,0.6995305164319249
2024-05-21,6225,0.6384976525821596
2024-05-22,6000,0.5962441314553991
2024-05-27,6025,0.6009389671361501
2024-05-28,5850,0.5680751173708921
2024-05-29,5825,0.5633802816901409
2024-05-30,5775,0.5539906103286386
2024-05-31,6000,0.5962441314553991
2024-06-03,6075,0.6103286384976526
2024-06-04,6150,0.6244131455399061
2024-06-05,6125,0.6197183098591549
2024-06-06,6125,0.6197183098591549
2024-06-07,6250,0.6431924882629109
2024-06-10,6275,0.6478873239436619
2024-06-11,6200,0.6338028169014084
2024-06-12,6050,0.6056338028169014
2024-06-13,5975,0.5915492957746479
2024-06-14,5850,0.5680751173708921
2024-06-19,5775,0.5539906103286386
2024-06-20,5825,0.5633802816901409
2024-06-21,6050,0.6056338028169014
2024-06-24,6075,0.6103286384976526
2024-06-25,5925,0.5821596244131456
2024-06-26,5950,0.5868544600938966
2024-06-27,5900,0.5774647887323944
2024-06-28,6000,0.5962441314553991
2024-07-01,6175,0.6291079812206574
2024-07-02,6275,0.6478873239436619
2024-07-03,6275,0.6478873239436619
2024-07-04,6250,0.6431924882629109
2024-07-05,6325,0.6572769953051644
2024-07-08,6400,0.6713615023474179
2024-07-09,6225,0.6384976525821596
2024-07-10,6375,0.6666666666666666
2024-07-11,6400,0.6713615023474179
2024-07-12,6450,0.6807511737089201
2024-07-15,6450,0.6807511737089201
2024-07-16,6400,0.6713615023474179
2024-07-17,6450,0.6807511737089201
2024-07-18,6550,0.6995305164319249
2024-07-19,6500,0.6901408450704226
2024-07-22,6575,0.7042253521126761
2024-07-23,6750,0.7370892018779344
2024-07-24,6500,0.6901408450704226
2024-07-25,6450,0.6807511737089201
2024-07-26,6575,0.7042253521126761
2024-07-29,6550,0.6995305164319249
2024-07-30,6475,0.6854460093896714
2024-07-31,6400,0.6713615023474179
2024-08-01,6550,0.6995305164319249
2024-08-02,6700,0.7276995305164319
2024-08-05,6700,0.7276995305164319
2024-08-06,6650,0.7183098591549296
2024-08-07,6725,0.7323943661971831
2024-08-08,6800,0.7464788732394366
2024-08-09,6825,0.7511737089201879
2024-08-12,6875,0.7605633802816901
2024-08-13,6850,0.7558685446009389
2024-08-14,7075,0.7981220657276996
2024-08-15,7075,0.7981220657276996
2024-08-16,7075,0.7981220657276996
2024-08-19,7075,0.7981220657276996
2024-08-20,7200,0.8215962441314554
2024-08-21,7300,0.8403755868544601
2024-08-22,7150,0.8122065727699531
2024-08-23,7000,0.7840375586854461
2024-08-26,7050,0.7934272300469484
2024-08-27,7025,0.7887323943661971
2024-08-28,7025,0.7887323943661971
2024-08-29,7300,0.8403755868544601
2024-08-30,7100,0.8028169014084506
2024-09-02,7200,0.8215962441314554
2024-09-03,7200,0.8215962441314554
2024-09-04,7000,0.7840375586854461
2024-09-05,7125,0.8075117370892019
2024-09-06,7175,0.8169014084507041
2024-09-09,7250,0.8309859154929579
2024-09-10,7250,0.8309859154929579
2024-09-11,7300,0.8403755868544601
2024-09-12,7375,0.8544600938967136
2024-09-13,7300,0.8403755868544601
2024-09-17,7325,0.8450704225352114
2024-09-18,7375,0.8544600938967136
2024-09-19,7450,0.8685446009389671
2024-09-20,7400,0.8591549295774649
2024-09-23,7325,0.8450704225352114
2024-09-24,7400,0.8591549295774649
2024-09-25,7350,0.8497652582159624
2024-09-26,7175,0.8169014084507041
2024-09-27,7025,0.7887323943661971
2024-09-30,7000,0.7840375586854461
2024-10-01,7000,0.7840375586854461
2024-10-02,7025,0.7887323943661971
2024-10-03,7000,0.7840375586854461
2024-10-04,7025,0.7887323943661971
2024-10-07,6925,0.7699530516431926
2024-10-08,6825,0.7511737089201879
2024-10-09,7075,0.7981220657276996
2024-10-10,6925,0.7699530516431926
2024-10-11,7025,0.7887323943661971
2024-10-14,6925,0.7699530516431926
2024-10-15,7000,0.7840375586854461
2024-10-16,7050,0.7934272300469484
2024-10-17,7050,0.7934272300469484
2024-10-18,7275,0.8356807511737089
2024-10-21,7250,0.8309859154929579
2024-10-22,7150,0.8122065727699531
2024-10-23,7075,0.7981220657276996
2024-10-24,7000,0.7840375586854461
2024-10-25,6975,0.7793427230046949
2024-10-28,7075,0.7981220657276996
2024-10-29,6800,0.7464788732394366
2024-10-30,6575,0.7042253521126761
2024-10-31,6750,0.7370892018779344
2024-11-01,6725,0.7323943661971831
2024-11-04,6600,0.7089201877934271
2024-11-05,6725,0.7323943661971831
2024-11-06,6925,0.7699530516431926
2024-11-07,6500,0.6901408450704226
2024-11-08,6425,0.6760563380281691
2024-11-11,6300,0.6525821596244131
2024-11-12,6375,0.6666666666666666
2024-11-13,6500,0.6901408450704226
2024-11-14,6375,0.6666666666666666
2024-11-15,6300,0.6525821596244131
2024-11-18,6350,0.6619718309859156
2024-11-19,6375,0.6666666666666666
2024-11-20,6325,0.6572769953051644
2024-11-21,6225,0.6384976525821596
2024-11-22,6125,0.6197183098591549
2024-11-25,6325,0.6572769953051644
2024-11-26,6600,0.7089201877934271
2024-11-28,6350,0.6619718309859156
2024-11-29,6325,0.6572769953051644
2024-12-02,6175,0.6291079812206574
2024-12-03,6100,0.6150234741784039
2024-12-04,6275,0.6478873239436619
2024-12-05,6350,0.6619718309859156
2024-12-06,6200,0.6338028169014084
