Date;Open
12/06/2024;6200
12/05/2024;6350
12/04/2024;6275
12/03/2024;6100
12/02/2024;6175
11/29/2024;6325
11/28/2024;6350
11/26/2024;6600
11/25/2024;6325
11/22/2024;6125
11/21/2024;6225
11/20/2024;6325
11/19/2024;6375
11/18/2024;6350
11/15/2024;6300
11/14/2024;6375
11/13/2024;6500
11/12/2024;6375
11/11/2024;6300
11/08/2024;6425
11/07/2024;6500
11/06/2024;6925
11/05/2024;6725
11/04/2024;6600
11/01/2024;6725
10/31/2024;6750
10/30/2024;6575
10/29/2024;6800
10/28/2024;7075
10/25/2024;6975
10/24/2024;7000
10/23/2024;7075
10/22/2024;7150
10/21/2024;7250
10/18/2024;7275
10/17/2024;7050
10/16/2024;7050
10/15/2024;7000
10/14/2024;6925
10/11/2024;7025
10/10/2024;6925
10/09/2024;7075
10/08/2024;6825
10/07/2024;6925
10/04/2024;7025
10/03/2024;7000
10/02/2024;7025
10/01/2024;7000
09/30/2024;7000
09/27/2024;7025
09/26/2024;7175
09/25/2024;7350
09/24/2024;7400
09/23/2024;7325
09/20/2024;7400
09/19/2024;7450
09/18/2024;7375
09/17/2024;7325
09/13/2024;7300
09/12/2024;7375
09/11/2024;7300
09/10/2024;7250
09/09/2024;7250
09/06/2024;7175
09/05/2024;7125
09/04/2024;7000
09/03/2024;7200
09/02/2024;7200
08/30/2024;7100
08/29/2024;7300
08/28/2024;7025
08/27/2024;7025
08/26/2024;7050
08/23/2024;7000
08/22/2024;7150
08/21/2024;7300
08/20/2024;7200
08/19/2024;7075
08/16/2024;7075
08/15/2024;7075
08/14/2024;7075
08/13/2024;6850
08/12/2024;6875
08/09/2024;6825
08/08/2024;6800
08/07/2024;6725
08/06/2024;6650
08/05/2024;6700
08/02/2024;6700
08/01/2024;6550
07/31/2024;6400
07/30/2024;6475
07/29/2024;6550
07/26/2024;6575
07/25/2024;6450
07/24/2024;6500
07/23/2024;6750
07/22/2024;6575
07/19/2024;6500
07/18/2024;6550
07/17/2024;6450
07/16/2024;6400
07/15/2024;6450
07/12/2024;6450
07/11/2024;6400
07/10/2024;6375
07/09/2024;6225
07/08/2024;6400
07/05/2024;6325
07/04/2024;6250
07/03/2024;6275
07/02/2024;6275
07/01/2024;6175
06/28/2024;6000
06/27/2024;5900
06/26/2024;5950
06/25/2024;5925
06/24/2024;6075
06/21/2024;6050
06/20/2024;5825
06/19/2024;5775
06/14/2024;5850
06/13/2024;5975
06/12/2024;6050
06/11/2024;6200
06/10/2024;6275
06/07/2024;6250
06/06/2024;6125
06/05/2024;6125
06/04/2024;6150
06/03/2024;6075
05/31/2024;6000
05/30/2024;5775
05/29/2024;5825
05/28/2024;5850
05/27/2024;6025
05/22/2024;6000
05/21/2024;6225
05/20/2024;6550
05/17/2024;6350
05/16/2024;6450
05/15/2024;6200
05/14/2024;6175
05/13/2024;6200
05/08/2024;6325
05/07/2024;6325
05/06/2024;6250
05/03/2024;6300
05/02/2024;6800
04/30/2024;6800
04/29/2024;6650
04/26/2024;7000
04/25/2024;7050
04/24/2024;6925
04/23/2024;6850
04/22/2024;6875
04/19/2024;6725
04/18/2024;6800
04/17/2024;6700
04/16/2024;6350
04/05/2024;6825
04/04/2024;6750
04/03/2024;6950
04/02/2024;6900
04/01/2024;7250
03/28/2024;7150
03/27/2024;7200
03/26/2024;7125
03/25/2024;7050
03/22/2024;7000
03/21/2024;7100
03/20/2024;7050
03/19/2024;7250
03/18/2024;7425
03/15/2024;7450
03/14/2024;7250
03/13/2024;7250
03/08/2024;7150
03/07/2024;7075
03/06/2024;7000
03/05/2024;7075
03/04/2024;7000
03/01/2024;7050
02/29/2024;7125
02/28/2024;7025
02/27/2024;6975
02/26/2024;6950
02/23/2024;7050
02/22/2024;7175
02/21/2024;7125
02/20/2024;7250
02/19/2024;7150
02/16/2024;7375
02/15/2024;7300
02/13/2024;7100
02/12/2024;7150
02/07/2024;6875
02/06/2024;6825
02/05/2024;6700
02/02/2024;6625
02/01/2024;6575
01/31/2024;6650
01/30/2024;6475
01/29/2024;6350
01/26/2024;6250
01/25/2024;6325
01/24/2024;6450
01/23/2024;6525
01/22/2024;6500
01/19/2024;6500
01/18/2024;6525
01/17/2024;6525
01/16/2024;6525
01/15/2024;6575
01/12/2024;6575
01/11/2024;6425
01/10/2024;6375
01/09/2024;6425
01/08/2024;6500
01/05/2024;6400
01/04/2024;6125
01/03/2024;6100
01/02/2024;6050
12/29/2023;6125
12/28/2023;6050
12/27/2023;6000
12/22/2023;5950
12/21/2023;5950
12/20/2023;5900
12/19/2023;5950
12/18/2023;5850
12/15/2023;5950
12/14/2023;5825
12/13/2023;5750
12/12/2023;5800
12/11/2023;5650
12/08/2023;5750
12/07/2023;5800
12/06/2023;5925
12/05/2023;6000
12/04/2023;5925
12/01/2023;5850
11/30/2023;5850
11/29/2023;5850
11/28/2023;5900
11/27/2023;5900
11/24/2023;5925
11/23/2023;5950
11/22/2023;5825
11/21/2023;5850
11/20/2023;5825
11/17/2023;5875
11/16/2023;5850
11/15/2023;5900
11/14/2023;5825
11/13/2023;5850
11/10/2023;5850
11/09/2023;5825
11/08/2023;5775
11/07/2023;5950
11/06/2023;5900
11/03/2023;5925
11/02/2023;5750
11/01/2023;5700
10/31/2023;5800
10/30/2023;5700
10/27/2023;5750
10/26/2023;5800
10/25/2023;5825
10/24/2023;5700
10/23/2023;5700
10/20/2023;5675
10/19/2023;5775
10/18/2023;5925
10/17/2023;6000
10/16/2023;6025
10/13/2023;6075
10/12/2023;6075
10/11/2023;5950
10/10/2023;5900
10/09/2023;6025
10/06/2023;6150
10/05/2023;6150
10/04/2023;6075
10/03/2023;6000
10/02/2023;6025
09/29/2023;6050
09/27/2023;5925
09/26/2023;5975
09/25/2023;6000
09/22/2023;6000
09/21/2023;6050
09/20/2023;6100
09/19/2023;5900
09/18/2023;5900
09/15/2023;5900
09/14/2023;5825
09/13/2023;5825
09/12/2023;5950
09/11/2023;5900
09/08/2023;5900
09/07/2023;6000
09/06/2023;6050
09/05/2023;6100
09/04/2023;6075
09/01/2023;6075
08/31/2023;6000
08/30/2023;5925
08/29/2023;6000
08/28/2023;5950
08/25/2023;5900
08/24/2023;5900
08/23/2023;5950
08/22/2023;5800
08/21/2023;5800
08/18/2023;5725
08/16/2023;5775
08/15/2023;5900
08/14/2023;5925
08/11/2023;5975
08/10/2023;5925
08/09/2023;5900
08/08/2023;5900
08/07/2023;5850
08/04/2023;5800
08/03/2023;5725
08/02/2023;5625
08/01/2023;5650
07/31/2023;5800
07/28/2023;5625
07/27/2023;5575
07/26/2023;5550
07/25/2023;5550
07/24/2023;5550
07/21/2023;5550
07/20/2023;5400
07/18/2023;5375
07/17/2023;5425
07/14/2023;5400
07/13/2023;5375
07/12/2023;5300
07/11/2023;5200
07/10/2023;5175
07/07/2023;5275
07/06/2023;5300
07/05/2023;5300
07/04/2023;5400
07/03/2023;5125
06/27/2023;5175
06/26/2023;5100
06/23/2023;5075
06/22/2023;5100
06/21/2023;5050
06/20/2023;5100
06/19/2023;5100
06/16/2023;5125
06/15/2023;5050
06/14/2023;5125
06/13/2023;5100
06/12/2023;5100
06/09/2023;5025
06/08/2023;5000
06/07/2023;5000
06/06/2023;5050
06/05/2023;5100
05/31/2023;5175
05/30/2023;5100
05/29/2023;5175
05/26/2023;5175
05/25/2023;5050
05/24/2023;5125
05/23/2023;5200
05/22/2023;5100
05/19/2023;5075
05/17/2023;4990
05/16/2023;5075
05/15/2023;5050
05/12/2023;5075
05/11/2023;5075
05/10/2023;5050
05/09/2023;5100
05/08/2023;5175
05/05/2023;5175
05/04/2023;5175
05/03/2023;5250
05/02/2023;5250
04/28/2023;5225
04/27/2023;5175
04/26/2023;5400
04/18/2023;5150
04/17/2023;5225
04/14/2023;5150
04/13/2023;5175
04/12/2023;5100
04/11/2023;5100
04/10/2023;5150
04/06/2023;5225
04/05/2023;5150
04/04/2023;5250
04/03/2023;5200
03/31/2023;5138
03/30/2023;5175
03/29/2023;5125
03/28/2023;5100
03/27/2023;5200
03/24/2023;5313
03/21/2023;5050
03/20/2023;5025
03/17/2023;4975
03/16/2023;5038
03/15/2023;5025
03/14/2023;5100
03/13/2023;5138
03/10/2023;5213
03/09/2023;5200
03/08/2023;5125
03/07/2023;5075
03/06/2023;5088
03/03/2023;5100
03/02/2023;5075
03/01/2023;5075
02/28/2023;5038
02/27/2023;5038
02/24/2023;5063
02/23/2023;4988
02/22/2023;5063
02/21/2023;5150
02/20/2023;5150
02/17/2023;5088
02/16/2023;5113
02/15/2023;5150
02/14/2023;5225
02/13/2023;5275
02/10/2023;5225
02/09/2023;5150
02/08/2023;5063
02/07/2023;4975
02/06/2023;4963
02/03/2023;4875
02/02/2023;4863
02/01/2023;4975
01/31/2023;5013
01/30/2023;5013
01/27/2023;4950
01/26/2023;4888
01/25/2023;4900
01/24/2023;4925
01/20/2023;4925
01/19/2023;4800
01/18/2023;4825
01/17/2023;4700
01/16/2023;4550
01/13/2023;4563
01/12/2023;4500
01/11/2023;4538
01/10/2023;4750
01/09/2023;4875
01/06/2023;4863
01/05/2023;5025
01/04/2023;5013
01/03/2023;4925
01/02/2023;4963
12/30/2022;5000
12/29/2022;4950
12/28/2022;5000
12/27/2022;5025
12/26/2022;4988
12/23/2022;4950
12/22/2022;5050
12/21/2022;5063
12/20/2022;5000
12/19/2022;5000
12/16/2022;4913
12/15/2022;4950
12/14/2022;5038
12/13/2022;4888
12/12/2022;4913
12/09/2022;4975
12/08/2022;5038
12/07/2022;5313
12/06/2022;5438
12/05/2022;5325
12/02/2022;5200
12/01/2022;5263
11/30/2022;5163
11/29/2022;5125
11/28/2022;5088
11/25/2022;5113
11/24/2022;5113
11/23/2022;5063
11/22/2022;5025
11/21/2022;5088
11/18/2022;4975
11/17/2022;4925
11/16/2022;5050
11/15/2022;5150
11/14/2022;5275
11/11/2022;5150
11/10/2022;5025
11/09/2022;5025
11/08/2022;5138
11/07/2022;5088
11/04/2022;5013
11/03/2022;4975
11/02/2022;5188
11/01/2022;5300
10/31/2022;5150
10/28/2022;5063
10/27/2022;5100
10/26/2022;5113
10/25/2022;5138
10/24/2022;5163
10/21/2022;5000
10/20/2022;4675
10/19/2022;4688
10/18/2022;4750
10/17/2022;4725
10/14/2022;4825
10/13/2022;4750
10/12/2022;4688
10/11/2022;4713
10/10/2022;4688
10/07/2022;4663
10/06/2022;4650
10/05/2022;4650
10/04/2022;4650
10/03/2022;4663
09/30/2022;4650
09/29/2022;4675
09/28/2022;4725
09/27/2022;4625
09/26/2022;4563
09/23/2022;4600
09/22/2022;4638
09/21/2022;4575
09/20/2022;4663
09/19/2022;4625
09/16/2022;4638
09/15/2022;4700
09/14/2022;4638
09/13/2022;4625
09/12/2022;4575
09/09/2022;4538
09/08/2022;4450
09/07/2022;4388
09/06/2022;4488
09/05/2022;4425
09/02/2022;4488
09/01/2022;4425
08/31/2022;4250
08/30/2022;4313
08/29/2022;4200
08/26/2022;4313
08/25/2022;4275
08/24/2022;4300
08/23/2022;4250
08/22/2022;4213
08/19/2022;4300
08/18/2022;4388
08/16/2022;4275
08/15/2022;4225
08/12/2022;4263
08/11/2022;4313
08/10/2022;4175
08/09/2022;4213
08/08/2022;4125
08/05/2022;4138
08/04/2022;4150
08/03/2022;4088
08/02/2022;4000
08/01/2022;4100
07/29/2022;4113
07/28/2022;4013
07/27/2022;4025
07/26/2022;3913
07/25/2022;3938
07/22/2022;3963
07/21/2022;4000
07/20/2022;3775
07/19/2022;3675
07/18/2022;3613
07/15/2022;3650
07/14/2022;3625
07/13/2022;3700
07/12/2022;3738
07/11/2022;3738
07/08/2022;3775
07/07/2022;3750
07/06/2022;3825
07/05/2022;3725
07/04/2022;3788
07/01/2022;3938
06/30/2022;4000
06/29/2022;4050
06/28/2022;4075
06/27/2022;4200
06/24/2022;4100
06/23/2022;4075
06/22/2022;4100
06/21/2022;4150
06/20/2022;4050
06/17/2022;4088
06/16/2022;4250
06/15/2022;4063
06/14/2022;4000
06/13/2022;4000
06/10/2022;4138
06/09/2022;4200
06/08/2022;4113
06/07/2022;4100
06/06/2022;4100
06/03/2022;4138
06/02/2022;4163
05/31/2022;4138
05/30/2022;4100
05/27/2022;4000
05/25/2022;3950
05/24/2022;3975
05/23/2022;4025
05/20/2022;3975
05/19/2022;3900
05/18/2022;3988
05/17/2022;3900
05/13/2022;3938
05/12/2022;3988
05/11/2022;4050
05/10/2022;3913
05/09/2022;4313
04/28/2022;4388
04/27/2022;4138
04/26/2022;4125
04/25/2022;4100
04/22/2022;4100
04/21/2022;4000
04/20/2022;3825
04/19/2022;3813
04/18/2022;3838
04/14/2022;3863
04/13/2022;3838
04/12/2022;3838
04/11/2022;3850
04/08/2022;3900
04/07/2022;3838
04/06/2022;3900
04/05/2022;3900
04/04/2022;3913
04/01/2022;3950
03/31/2022;3963
03/30/2022;3975
03/29/2022;3988
03/28/2022;3938
03/25/2022;3975
03/24/2022;3850
03/23/2022;3838
03/22/2022;3850
03/21/2022;3838
03/18/2022;3988
03/17/2022;4000
03/16/2022;3900
03/15/2022;3900
03/14/2022;3825
03/11/2022;3863
03/10/2022;3850
03/09/2022;3788
03/08/2022;3813
03/07/2022;3775
03/04/2022;3850
03/02/2022;3825
03/01/2022;3838
02/25/2022;3863
02/24/2022;3863
02/23/2022;3963
02/22/2022;3913
02/21/2022;3925
02/18/2022;3913
02/17/2022;3938
02/16/2022;3963
02/15/2022;3900
02/14/2022;3850
02/11/2022;3888
02/10/2022;3850
02/09/2022;3850
02/08/2022;3800
02/07/2022;3825
02/04/2022;3725
02/03/2022;3738
02/02/2022;3763
01/31/2022;3888
01/28/2022;3813
01/27/2022;3738
01/26/2022;3650
01/25/2022;3600
01/24/2022;3638
01/21/2022;3588
01/20/2022;3550
01/19/2022;3588
01/18/2022;3588
01/17/2022;3625
01/14/2022;3538
01/13/2022;3575
01/12/2022;3525
01/11/2022;3550
01/10/2022;3538
01/07/2022;3513
01/06/2022;3538
01/05/2022;3575
01/04/2022;3538
01/03/2022;3550
12/30/2021;3550
12/29/2021;3538
12/28/2021;3525
12/27/2021;3525
12/24/2021;3550
12/23/2021;3525
12/22/2021;3588
12/21/2021;3575
12/20/2021;3550
12/17/2021;3613
12/16/2021;3650
12/15/2021;3575
12/14/2021;3563
12/13/2021;3600
12/10/2021;3600
12/09/2021;3625
12/08/2021;3638
12/07/2021;3588
12/06/2021;3575
12/03/2021;3600
12/02/2021;3538
12/01/2021;3500
11/30/2021;3625
11/29/2021;3550
11/26/2021;3663
11/25/2021;3613
11/24/2021;3563
11/23/2021;3613
11/22/2021;3675
11/19/2021;3588
11/18/2021;3600
11/17/2021;3613
11/16/2021;3525
11/15/2021;3550
11/12/2021;3638
11/11/2021;3563
11/10/2021;3438
11/09/2021;3525
11/08/2021;3600
11/05/2021;3625
11/04/2021;3625
11/03/2021;3488
11/02/2021;3588
11/01/2021;3625
10/29/2021;3588
10/28/2021;3563
10/27/2021;3600
10/26/2021;3550
10/25/2021;3588
10/22/2021;3550
10/21/2021;3588
10/19/2021;3625
10/18/2021;3600
10/15/2021;3588
10/14/2021;3563
10/13/2021;3538
10/12/2021;3488
10/11/2021;3450
10/08/2021;3363
10/07/2021;3325
10/06/2021;3238
10/05/2021;3225
10/04/2021;3088
10/01/2021;3075
09/30/2021;3025
09/29/2021;2975
09/28/2021;2975
09/27/2021;3000
09/24/2021;3038
09/23/2021;3063
09/22/2021;2988
09/21/2021;3013
09/20/2021;3013
09/17/2021;3063
09/16/2021;3088
09/15/2021;3088
09/14/2021;3075
09/13/2021;3050
09/10/2021;3138
09/09/2021;3150
09/08/2021;3150
09/07/2021;3125
09/06/2021;3100
09/03/2021;3050
09/02/2021;3025
09/01/2021;3050
08/31/2021;3000
08/30/2021;2925
08/27/2021;2913
08/26/2021;2925
08/25/2021;2938
08/24/2021;2975
08/23/2021;2950
08/20/2021;2950
08/19/2021;3050
08/18/2021;3000
08/16/2021;3000
08/13/2021;2988
08/12/2021;2938
08/10/2021;2900
08/09/2021;3000
08/06/2021;3038
08/05/2021;2938
08/04/2021;2913
08/03/2021;2850
08/02/2021;2888
07/30/2021;2913
07/29/2021;2950
07/28/2021;2875
07/27/2021;2925
07/26/2021;2988
07/23/2021;3000
07/22/2021;2988
07/21/2021;2913
07/19/2021;2900
07/16/2021;2938
07/15/2021;2863
07/14/2021;2900
07/13/2021;2925
07/12/2021;2938
07/09/2021;2950
07/08/2021;2925
07/07/2021;2888
07/06/2021;2950
07/05/2021;2988
07/02/2021;2988
07/01/2021;2975
06/30/2021;2925
06/29/2021;2925
06/28/2021;2913
06/25/2021;3000
06/24/2021;3050
06/23/2021;3113
06/22/2021;3038
06/21/2021;3050
06/18/2021;3088
06/17/2021;3125
06/16/2021;3163
06/15/2021;3150
06/14/2021;3150
06/11/2021;3138
06/10/2021;3088
06/09/2021;3038
06/08/2021;3075
06/07/2021;3100
06/04/2021;3125
06/03/2021;3088
06/02/2021;3075
05/31/2021;2938
05/28/2021;2913
05/27/2021;3000
05/25/2021;2888
05/24/2021;2938
05/21/2021;2863
05/20/2021;2825
05/19/2021;2900
05/18/2021;2988
05/17/2021;2988
05/11/2021;3000
05/10/2021;3013
05/07/2021;3063
05/06/2021;3063
05/05/2021;3075
05/04/2021;3025
05/03/2021;3050
04/30/2021;3113
04/29/2021;3113
04/28/2021;3050
04/27/2021;2988
04/26/2021;3050
04/23/2021;3025
04/22/2021;3088
04/21/2021;3075
04/20/2021;3100
04/19/2021;3125
04/16/2021;3175
04/15/2021;3200
04/14/2021;3175
04/13/2021;3100
04/12/2021;3213
04/09/2021;3188
04/08/2021;3125
04/07/2021;3150
04/06/2021;3113
04/05/2021;3150
04/01/2021;3125
03/31/2021;3125
03/30/2021;3200
03/29/2021;3200
03/26/2021;3225
03/25/2021;3225
03/24/2021;3250
03/23/2021;3375
03/22/2021;3375
03/19/2021;3400
03/18/2021;3313
03/17/2021;3300
03/16/2021;3325
03/15/2021;3388
03/12/2021;3275
03/10/2021;3250
03/09/2021;3188
03/08/2021;6550
03/05/2021;6525
03/04/2021;6625
03/03/2021;6675
03/02/2021;6650
03/01/2021;6225
02/26/2021;6175
02/25/2021;6425
02/24/2021;6350
02/23/2021;6300
02/22/2021;6450
02/19/2021;6250
02/18/2021;6250
02/17/2021;6450
02/16/2021;6500
02/15/2021;6550
02/11/2021;6550
02/10/2021;6575
02/09/2021;6600
02/08/2021;6600
02/05/2021;6700
02/04/2021;6575
02/03/2021;6600
02/02/2021;6800
02/01/2021;6650
01/29/2021;7100
01/28/2021;7150
01/27/2021;7400
01/26/2021;7300
01/25/2021;7250
01/22/2021;7275
01/21/2021;7375
01/20/2021;7000
01/19/2021;7000
01/18/2021;6600
01/15/2021;6875
01/14/2021;7050
01/13/2021;7050
01/12/2021;6900
01/11/2021;6575
01/08/2021;6475
01/07/2021;6450
01/06/2021;6425
01/05/2021;6550
01/04/2021;6350
12/30/2020;6525
12/29/2020;6575
12/28/2020;6500
12/23/2020;6500
12/22/2020;6575
12/21/2020;6775
12/18/2020;6800
12/17/2020;6775
12/16/2020;6800
12/15/2020;6700
12/14/2020;6725
12/11/2020;6850
12/10/2020;6775
12/08/2020;6675
12/07/2020;6675
12/04/2020;6500
12/03/2020;6650
12/02/2020;6525
12/01/2020;6325
11/30/2020;6550
11/27/2020;6775
11/26/2020;6600
11/25/2020;6500
11/24/2020;6450
11/23/2020;6300
11/20/2020;6275
11/19/2020;6250
11/18/2020;6150
11/17/2020;6275
11/16/2020;6300
11/13/2020;6100
11/12/2020;6375
11/11/2020;6425
11/10/2020;6400
11/09/2020;6250
11/06/2020;5975
11/05/2020;5875
11/04/2020;5950
11/03/2020;5975
11/02/2020;5675
10/27/2020;5750
10/26/2020;5625
10/23/2020;5525
10/22/2020;5500
10/21/2020;5675
10/20/2020;5725
10/19/2020;5600
10/16/2020;5600
10/15/2020;5700
10/14/2020;5725
10/13/2020;5625
10/12/2020;5575
10/09/2020;5450
10/08/2020;5550
10/07/2020;5400
10/06/2020;5500
10/05/2020;5250
10/02/2020;5175
10/01/2020;5000
09/30/2020;5100
09/29/2020;5200
09/28/2020;5400
09/25/2020;5200
09/24/2020;5050
09/23/2020;5300
09/22/2020;5300
09/21/2020;5575
09/18/2020;5575
09/17/2020;5600
09/16/2020;5750
09/15/2020;5750
09/14/2020;5475
09/11/2020;5050
09/10/2020;5525
09/09/2020;5900
09/08/2020;5900
09/07/2020;5925
09/04/2020;5950
09/03/2020;6075
09/02/2020;6125
09/01/2020;5975
08/31/2020;6225
08/28/2020;6275
08/27/2020;6350
08/26/2020;6250
08/25/2020;6050
08/24/2020;6050
08/19/2020;6175
08/18/2020;6025
08/14/2020;6075
08/13/2020;6250
08/12/2020;6000
08/11/2020;5825
08/10/2020;5800
08/07/2020;5700
08/06/2020;5700
08/05/2020;5550
08/04/2020;5525
08/03/2020;5850
07/30/2020;5725
07/29/2020;5850
07/28/2020;5900
07/27/2020;5625
07/24/2020;5700
07/23/2020;5475
07/22/2020;5375
07/21/2020;5150
07/20/2020;5175
07/17/2020;5275
07/16/2020;5275
07/15/2020;5350
07/14/2020;5300
07/13/2020;5250
07/10/2020;5250
07/09/2020;5350
07/08/2020;5050
07/07/2020;5125
07/06/2020;5000
07/03/2020;4960
07/02/2020;4980
07/01/2020;5000
06/30/2020;5025
06/29/2020;4980
06/26/2020;5125
06/25/2020;5075
06/24/2020;4890
06/23/2020;4850
06/22/2020;4880
06/19/2020;4880
06/18/2020;4840
06/17/2020;5100
06/16/2020;4820
06/15/2020;4850
06/12/2020;4590
06/11/2020;4800
06/10/2020;5200
06/09/2020;5300
06/08/2020;5000
06/05/2020;4730
06/04/2020;4900
06/03/2020;4670
06/02/2020;4550
05/29/2020;4290
05/28/2020;4150
05/27/2020;4150
05/26/2020;4130
05/20/2020;3850
05/19/2020;3760
05/18/2020;3800
05/15/2020;3950
05/14/2020;3970
05/13/2020;3990
05/12/2020;4230
05/11/2020;4280
05/08/2020;4200
05/06/2020;4250
05/05/2020;4300
05/04/2020;4460
04/30/2020;4070
04/29/2020;4200
04/28/2020;4190
04/27/2020;4310
04/24/2020;4500
04/23/2020;4490
04/22/2020;4330
04/21/2020;4370
04/20/2020;4450
04/17/2020;4220
04/16/2020;4400
04/15/2020;4640
04/14/2020;4480
04/13/2020;4680
04/09/2020;4800
04/08/2020;5175
04/07/2020;5400
04/06/2020;5025
04/03/2020;4800
04/02/2020;4570
04/01/2020;4650
03/31/2020;4650
03/30/2020;4840
03/27/2020;4510
03/26/2020;3800
03/24/2020;4150
03/23/2020;4350
03/20/2020;4740
03/19/2020;5000
03/18/2020;5600
03/17/2020;5925
03/16/2020;6200
03/13/2020;6200
03/12/2020;6475
03/11/2020;6925
03/10/2020;6650
03/09/2020;7000
03/06/2020;7400
03/05/2020;7550
03/04/2020;7250
03/03/2020;7100
03/02/2020;7150
02/28/2020;6750
02/27/2020;7650
02/26/2020;7750
02/25/2020;7775
02/24/2020;7800
02/21/2020;7950
02/20/2020;8025
02/19/2020;7850
02/18/2020;7800
02/17/2020;7850
02/14/2020;7750
02/13/2020;7825
02/12/2020;7825
02/11/2020;7725
02/10/2020;7700
02/07/2020;7675
02/06/2020;7800
02/05/2020;7600
02/04/2020;7600
02/03/2020;7400
01/31/2020;7675
01/30/2020;7800
01/29/2020;7825
01/28/2020;7650
01/27/2020;7950
01/24/2020;7825
01/23/2020;7800
01/22/2020;7750
01/21/2020;7750
01/20/2020;7800
01/17/2020;7575
01/16/2020;7600
01/15/2020;7750
01/14/2020;7800
01/13/2020;7725
01/10/2020;7700
01/09/2020;7550
01/08/2020;7550
01/07/2020;7725
01/06/2020;7650
01/03/2020;7750
01/02/2020;7675
12/30/2019;7725
12/27/2019;7825
12/26/2019;7775
12/23/2019;7800
12/20/2019;7550
12/19/2019;7525
12/18/2019;7350
12/17/2019;7350
12/16/2019;7350
12/13/2019;7400
12/12/2019;7325
12/11/2019;7350
12/10/2019;7200
12/09/2019;7200
12/06/2019;7200
12/05/2019;7100
12/04/2019;7075
12/03/2019;7050
12/02/2019;6975
11/29/2019;6775
11/28/2019;6850
11/27/2019;6825
11/26/2019;7000
11/25/2019;7000
11/22/2019;7100
11/21/2019;7000
11/20/2019;7150
11/19/2019;7025
11/18/2019;6950
11/15/2019;6925
11/14/2019;6875
11/13/2019;7000
11/12/2019;7000
11/11/2019;7075
11/08/2019;6975
11/07/2019;7025
11/06/2019;7175
11/05/2019;6950
11/04/2019;7000
11/01/2019;7025
10/31/2019;7050
10/30/2019;7075
10/29/2019;7100
10/28/2019;7000
10/25/2019;7275
10/24/2019;7125
10/23/2019;6825
10/22/2019;6850
10/21/2019;6800
10/18/2019;6675
10/17/2019;6625
10/16/2019;6600
10/15/2019;6550
10/14/2019;6625
10/11/2019;6500
10/10/2019;6425
10/09/2019;6450
10/08/2019;6350
10/07/2019;6475
10/04/2019;6450
10/03/2019;6525
10/02/2019;6875
10/01/2019;6900
09/30/2019;6900
09/27/2019;7000
09/26/2019;7000
09/25/2019;6975
09/24/2019;6925
09/23/2019;7050
09/20/2019;7100
09/19/2019;7175
09/18/2019;7075
09/17/2019;6925
09/16/2019;7050
09/13/2019;7225
09/12/2019;7250
09/11/2019;7000
09/10/2019;6900
09/09/2019;7075
09/06/2019;7025
09/05/2019;7000
09/04/2019;6975
09/03/2019;7175
09/02/2019;7225
08/30/2019;7125
08/29/2019;7050
08/28/2019;7025
08/27/2019;7050
08/26/2019;7100
08/23/2019;7250
08/22/2019;7300
08/21/2019;7325
08/20/2019;7425
08/19/2019;7450
08/16/2019;7400
08/15/2019;7350
08/14/2019;7500
08/13/2019;7550
08/12/2019;7500
08/09/2019;7500
08/08/2019;7450
08/07/2019;7275
08/06/2019;7300
08/05/2019;7600
08/02/2019;7700
08/01/2019;7875
07/31/2019;7875
07/30/2019;7800
07/29/2019;7825
07/26/2019;7650
07/25/2019;7725
07/24/2019;7700
07/23/2019;7825
07/22/2019;7800
07/19/2019;7800
07/18/2019;7900
07/17/2019;8000
07/16/2019;8075
07/15/2019;8150
07/12/2019;8050
07/11/2019;8025
07/10/2019;7950
07/09/2019;7825
07/08/2019;7750
07/05/2019;7925
07/04/2019;8050
07/03/2019;7950
07/02/2019;8050
07/01/2019;8050
06/28/2019;8025
06/27/2019;7975
06/26/2019;7850
06/25/2019;8025
06/24/2019;7900
06/21/2019;8000
06/20/2019;8000
06/19/2019;7900
06/18/2019;7775
06/17/2019;7900
06/14/2019;7875
06/13/2019;7875
06/12/2019;7900
06/11/2019;7875
06/10/2019;7850
05/31/2019;7600
05/29/2019;7450
05/28/2019;7700
05/27/2019;7600
05/24/2019;7600
05/23/2019;7350
05/22/2019;7325
05/21/2019;7275
05/20/2019;7000
05/17/2019;7500
05/16/2019;7350
05/15/2019;7525
05/14/2019;7450
05/13/2019;7575
05/10/2019;7550
05/09/2019;7450
05/08/2019;7500
05/07/2019;7675
05/06/2019;7500
05/03/2019;7700
05/02/2019;7700
04/30/2019;7825
04/29/2019;7700
04/26/2019;7550
04/25/2019;7650
04/24/2019;7700
04/23/2019;7700
04/22/2019;7800
04/18/2019;7800
04/16/2019;7375
04/15/2019;7400
04/12/2019;7350
04/11/2019;7575
04/10/2019;7650
04/09/2019;7575
04/08/2019;7600
04/05/2019;7675
04/04/2019;7500
04/02/2019;7525
04/01/2019;7500
03/29/2019;7400
03/28/2019;7300
03/27/2019;7425
03/26/2019;7275
03/25/2019;7250
03/22/2019;7475
03/21/2019;7500
03/20/2019;7400
03/19/2019;7175
03/18/2019;7150
03/15/2019;6925
03/14/2019;6800
03/13/2019;6800
03/12/2019;6825
03/11/2019;6950
03/08/2019;7050
03/06/2019;7000
03/05/2019;7050
03/04/2019;7175
03/01/2019;7150
02/28/2019;7225
02/27/2019;7200
02/26/2019;7275
02/25/2019;7150
02/22/2019;7275
02/21/2019;7125
02/20/2019;7250
02/19/2019;7275
02/18/2019;7300
02/15/2019;7150
02/14/2019;7350
02/13/2019;7425
02/12/2019;7675
02/11/2019;7600
02/08/2019;7500
02/07/2019;7475
02/06/2019;7450
02/04/2019;7500
02/01/2019;7500
01/31/2019;7325
01/30/2019;7125
01/29/2019;7175
01/28/2019;7375
01/25/2019;7475
01/24/2019;7475
01/23/2019;7575
01/22/2019;7725
01/21/2019;7825
01/18/2019;7900
01/17/2019;7800
01/16/2019;7800
01/15/2019;7750
01/14/2019;7750
01/11/2019;7750
01/10/2019;7625
01/09/2019;7500
01/08/2019;7425
01/07/2019;7500
01/04/2019;7175
01/03/2019;7275
01/02/2019;7400
12/28/2018;7350
12/27/2018;7325
12/26/2018;7150
12/21/2018;7250
12/20/2018;7425
12/19/2018;7350
12/18/2018;7250
12/17/2018;7450
12/14/2018;7650
12/13/2018;7500
12/12/2018;7475
12/11/2018;7450
12/10/2018;7375
12/07/2018;7575
12/06/2018;7400
12/05/2018;7600
12/04/2018;7575
12/03/2018;7550
