Date;Price;Open;High;Low;Vol;Change
12/06/2024;6225;6200;6275;6125;75.99M;1.22%
12/05/2024;6150;6350;6375;6150;69.53M;-3.53%
12/04/2024;6375;6275;6450;6225;75.26M;1.59%
12/03/2024;6275;6100;6275;6100;99.51M;4.58%
12/02/2024;6000;6175;6250;5975;114.56M;-2.44%
11/29/2024;6150;6325;6375;6125;157.63M;-4.65%
11/28/2024;6450;6350;6525;6350;81.88M;0.78%
11/26/2024;6400;6600;6600;6325;107.19M;-2.66%
11/25/2024;6575;6325;6600;6325;183.45M;5.20%
11/22/2024;6250;6125;6300;6100;80.24M;1.63%
11/21/2024;6150;6225;6225;6125;76.58M;-1.20%
11/20/2024;6225;6325;6350;6200;68.71M;-0.40%
11/19/2024;6250;6375;6375;6225;95.50M;-1.19%
11/18/2024;6325;6350;6425;6225;80.65M;-0.39%
11/15/2024;6350;6300;6400;6300;41.08M;-0.39%
11/14/2024;6375;6375;6475;6350;69.75M;-0.78%
11/13/2024;6425;6500;6550;6400;102.75M;0.78%
11/12/2024;6375;6375;6450;6325;117.28M;0.39%
11/11/2024;6350;6300;6450;6150;125.61M;0.40%
11/08/2024;6325;6425;6525;6275;192.68M;-1.56%
11/07/2024;6425;6500;6550;6425;154.76M;-1.91%
11/06/2024;6550;6925;6925;6550;147.27M;-5.42%
11/05/2024;6925;6725;6950;6675;88.66M;2.59%
11/04/2024;6750;6600;6800;6525;80.21M;1.50%
11/01/2024;6650;6725;6725;6550;101.42M;-0.75%
10/31/2024;6700;6750;6825;6700;126.73M;-0.74%
10/30/2024;6750;6575;6775;6575;122.13M;-1.10%
10/29/2024;6825;6800;6850;6725;91.27M;0.00%
10/28/2024;6825;7075;7075;6800;114.50M;-3.19%
10/25/2024;7050;6975;7050;6975;34.64M;1.08%
10/24/2024;6975;7000;7150;6975;65.88M;-1.41%
10/23/2024;7075;7075;7125;7025;38.22M;0.00%
10/22/2024;7075;7150;7175;7075;43.58M;-1.74%
10/21/2024;7200;7250;7250;7125;43.06M;0.35%
10/18/2024;7175;7275;7300;7175;57.38M;-0.69%
10/17/2024;7225;7050;7250;7000;90.22M;3.21%
10/16/2024;7000;7050;7075;6925;133.02M;-0.71%
10/15/2024;7050;7000;7100;6925;90.36M;1.81%
10/14/2024;6925;6925;6975;6900;55.89M;-0.36%
10/11/2024;6950;7025;7025;6925;45.33M;0.00%
10/10/2024;6950;6925;7050;6900;44.29M;0.00%
10/09/2024;6950;7075;7175;6950;76.52M;-1.77%
10/08/2024;7075;6825;7175;6775;132.14M;2.91%
10/07/2024;6875;6925;6925;6800;103.94M;-1.08%
10/04/2024;6950;7025;7050;6900;79.49M;-1.42%
10/03/2024;7050;7000;7075;6900;86.26M;1.08%
10/02/2024;6975;7025;7100;6925;91.08M;-1.06%
10/01/2024;7050;7000;7075;6950;82.69M;1.81%
09/30/2024;6925;7000;7025;6875;166.20M;-1.77%
09/27/2024;7050;7025;7125;7000;161.41M;-1.74%
09/26/2024;7175;7175;7200;7100;173.04M;-0.35%
09/25/2024;7200;7350;7350;7050;192.20M;-3.03%
09/24/2024;7425;7400;7475;7375;81.82M;-0.34%
09/23/2024;7450;7325;7450;7300;79.68M;2.05%
09/20/2024;7300;7400;7425;7300;97.90M;-1.35%
09/19/2024;7400;7450;7550;7400;124.38M;0.00%
09/18/2024;7400;7375;7450;7350;47.28M;-0.34%
09/17/2024;7425;7325;7450;7300;96.43M;2.06%
09/13/2024;7275;7300;7300;7225;45.85M;-0.34%
09/12/2024;7300;7375;7425;7300;68.25M;-1.02%
09/11/2024;7375;7300;7400;7275;91.82M;1.72%
09/10/2024;7250;7250;7275;7225;73.52M;0.00%
09/09/2024;7250;7250;7250;7200;71.43M;0.00%
09/06/2024;7250;7175;7275;7150;63.62M;1.05%
09/05/2024;7175;7125;7225;7125;59.43M;0.00%
09/04/2024;7175;7000;7175;7000;78.79M;1.41%
09/03/2024;7075;7200;7250;7050;75.10M;-1.74%
09/02/2024;7200;7200;7275;7125;82.18M;1.05%
08/30/2024;7125;7100;7175;7075;153.76M;0.35%
08/29/2024;7100;7300;7300;7100;94.48M;-1.73%
08/28/2024;7225;7025;7225;7000;114.61M;2.85%
08/27/2024;7025;7025;7050;6925;91.69M;-0.35%
08/26/2024;7050;7050;7100;7000;78.52M;0.00%
08/23/2024;7050;7000;7075;6975;111.75M;0.00%
08/22/2024;7050;7150;7175;6925;157.32M;-2.76%
08/21/2024;7250;7300;7300;7225;88.49M;0.69%
08/20/2024;7200;7200;7350;7150;102.62M;0.70%
08/19/2024;7150;7075;7150;7025;50.25M;1.06%
08/16/2024;7075;7075;7125;7025;64.27M;0.71%
08/15/2024;7025;7075;7075;6925;75.96M;-0.71%
08/14/2024;7075;7075;7100;7025;97.70M;1.07%
08/13/2024;7000;6850;7000;6850;68.67M;1.45%
08/12/2024;6900;6875;6900;6775;50.76M;0.73%
08/09/2024;6850;6825;6900;6800;79.71M;0.74%
08/08/2024;6800;6800;6850;6725;81.41M;0.37%
08/07/2024;6775;6725;6775;6650;84.63M;2.26%
08/06/2024;6625;6650;6700;6525;95.79M;0.76%
08/05/2024;6575;6700;6725;6500;184.38M;-3.31%
08/02/2024;6800;6700;6875;6675;167.89M;0.74%
08/01/2024;6750;6550;6750;6500;163.09M;5.47%
07/31/2024;6400;6400;6475;6375;99.00M;-1.16%
07/30/2024;6475;6475;6550;6375;87.54M;0.00%
07/29/2024;6475;6550;6550;6450;54.44M;-1.15%
07/26/2024;6550;6575;6625;6500;76.52M;-0.38%
07/25/2024;6575;6450;6575;6400;66.66M;1.54%
07/24/2024;6475;6500;6575;6475;63.94M;-2.26%
07/23/2024;6625;6750;6750;6550;77.86M;-1.12%
07/22/2024;6700;6575;6700;6525;110.47M;2.68%
07/19/2024;6525;6500;6525;6450;63.17M;-0.38%
07/18/2024;6550;6550;6600;6500;132.53M;1.55%
07/17/2024;6450;6450;6525;6375;109.73M;1.57%
07/16/2024;6350;6400;6400;6300;64.69M;0.00%
07/15/2024;6350;6450;6450;6300;66.07M;-1.17%
07/12/2024;6425;6450;6550;6400;146.67M;0.39%
07/11/2024;6400;6400;6425;6350;66.80M;0.39%
07/10/2024;6375;6375;6450;6300;59.69M;0.00%
07/09/2024;6375;6225;6400;6200;84.18M;2.41%
07/08/2024;6225;6400;6425;6200;138.14M;-3.11%
07/05/2024;6425;6325;6500;6300;111.65M;2.80%
07/04/2024;6250;6250;6400;6225;90.15M;0.40%
07/03/2024;6225;6275;6300;6100;70.02M;0.40%
07/02/2024;6200;6275;6350;6150;159.36M;-0.80%
07/01/2024;6250;6175;6250;6100;100.41M;1.63%
06/28/2024;6150;6000;6250;6000;191.37M;2.50%
06/27/2024;6000;5900;6075;5875;117.60M;2.56%
06/26/2024;5850;5950;6025;5850;92.90M;-1.27%
06/25/2024;5925;5925;5975;5825;159.98M;-1.25%
06/24/2024;6000;6075;6125;6000;58.83M;-2.04%
06/21/2024;6125;6050;6200;6025;188.72M;2.94%
06/20/2024;5950;5825;5950;5750;82.66M;3.48%
06/19/2024;5750;5775;5850;5675;116.00M;0.00%
06/14/2024;5750;5850;5875;5650;203.24M;-2.13%
06/13/2024;5875;5975;6000;5850;162.62M;-0.84%
06/12/2024;5925;6050;6075;5900;120.86M;-3.27%
06/11/2024;6125;6200;6250;6125;56.25M;-2.39%
06/10/2024;6275;6275;6350;6200;80.15M;0.00%
06/07/2024;6275;6250;6275;6150;99.09M;1.62%
06/06/2024;6175;6125;6200;6075;85.74M;2.92%
06/05/2024;6000;6125;6150;5975;105.17M;-2.44%
06/04/2024;6150;6150;6275;6125;137.80M;0.82%
06/03/2024;6100;6075;6150;6025;92.53M;3.39%
05/31/2024;5900;6000;6025;5900;169.57M;0.43%
05/30/2024;5875;5775;6000;5525;236.63M;1.29%
05/29/2024;5800;5825;5875;5700;169.39M;-2.52%
05/28/2024;5950;5850;6025;5825;93.70M;2.15%
05/27/2024;5825;6025;6050;5825;258.45M;-3.72%
05/22/2024;6050;6000;6150;5950;171.68M;0.41%
05/21/2024;6025;6225;6275;5975;308.55M;-4.74%
05/20/2024;6325;6550;6625;6200;168.80M;-3.80%
05/17/2024;6575;6350;6650;6350;133.15M;3.54%
05/16/2024;6350;6450;6500;6325;114.81M;-0.39%
05/15/2024;6375;6200;6400;6200;80.92M;2.82%
05/14/2024;6200;6175;6300;6175;94.05M;0.00%
05/13/2024;6200;6200;6275;6125;128.64M;-1.20%
05/08/2024;6275;6325;6450;6250;117.07M;0.00%
05/07/2024;6275;6325;6400;6250;130.41M;0.00%
05/06/2024;6275;6250;6400;6150;184.23M;2.03%
05/03/2024;6150;6300;6425;6050;270.53M;-2.77%
05/02/2024;6325;6800;6800;6050;501.85M;-8.33%
04/30/2024;6900;6800;7050;6775;189.99M;-0.36%
04/29/2024;6925;6650;6950;6650;77.94M;2.59%
04/26/2024;6750;7000;7025;6750;125.88M;-2.88%
04/25/2024;6950;7050;7075;6925;111.80M;-1.42%
04/24/2024;7050;6925;7050;6900;117.59M;3.30%
04/23/2024;6825;6850;6925;6725;107.63M;1.49%
04/22/2024;6725;6875;6875;6575;121.73M;0.00%
04/19/2024;6725;6725;6800;6650;47.94M;-1.10%
04/18/2024;6800;6800;6900;6725;106.89M;2.64%
04/17/2024;6625;6700;6775;6625;83.84M;0.00%
04/16/2024;6625;6350;6725;6300;180.01M;-2.93%
04/05/2024;6825;6825;6900;6825;46.11M;-0.73%
04/04/2024;6875;6750;6925;6750;64.42M;1.48%
04/03/2024;6775;6950;6950;6675;115.37M;-1.81%
04/02/2024;6900;6900;6900;6700;135.76M;0.00%
04/01/2024;6900;7250;7250;6750;158.36M;-4.83%
03/28/2024;7250;7150;7250;7125;90.90M;1.05%
03/27/2024;7175;7200;7250;7175;46.30M;0.00%
03/26/2024;7175;7125;7225;7125;74.27M;-1.03%
03/25/2024;7250;7050;7250;7000;78.21M;2.84%
03/22/2024;7050;7000;7075;6950;87.32M;0.00%
03/21/2024;7050;7100;7200;7050;81.77M;0.00%
03/20/2024;7050;7050;7050;7000;83.42M;-3.09%
03/19/2024;7275;7250;7350;7225;100.84M;1.39%
03/18/2024;7175;7425;7425;7175;105.78M;-3.04%
03/15/2024;7400;7450;7500;7275;250.58M;0.00%
03/14/2024;7400;7250;7400;7225;161.19M;1.72%
03/13/2024;7275;7250;7275;7150;126.02M;2.11%
03/08/2024;7125;7150;7175;7100;109.03M;0.35%
03/07/2024;7100;7075;7125;7025;94.95M;0.35%
03/06/2024;7075;7000;7100;7000;74.18M;0.71%
03/05/2024;7025;7075;7100;7000;92.56M;0.00%
03/04/2024;7025;7000;7050;6975;44.71M;0.00%
03/01/2024;7025;7050;7075;6975;90.74M;0.36%
02/29/2024;7000;7125;7150;7000;150.73M;-1.75%
02/28/2024;7125;7025;7125;7025;59.74M;0.71%
02/27/2024;7075;6975;7100;6975;58.07M;0.35%
02/26/2024;7050;6950;7075;6950;77.21M;0.00%
02/23/2024;7050;7050;7100;7000;109.40M;-0.70%
02/22/2024;7100;7175;7200;7100;85.74M;-2.07%
02/21/2024;7250;7125;7250;7075;130.26M;1.40%
02/20/2024;7150;7250;7250;7150;87.31M;0.00%
02/19/2024;7150;7150;7325;7125;83.75M;-0.69%
02/16/2024;7200;7375;7400;7200;142.02M;0.00%
02/15/2024;7200;7300;7375;7150;220.53M;2.49%
02/13/2024;7025;7100;7125;7025;102.67M;-1.06%
02/12/2024;7100;7150;7200;7050;183.78M;2.16%
02/07/2024;6950;6875;6950;6850;89.76M;1.46%
02/06/2024;6850;6825;6925;6775;90.15M;0.37%
02/05/2024;6825;6700;6950;6675;150.54M;2.25%
02/02/2024;6675;6625;6675;6600;120.12M;1.91%
02/01/2024;6550;6575;6625;6500;168.15M;-1.50%
01/31/2024;6650;6650;6700;6650;128.19M;0.00%
01/30/2024;6650;6475;6700;6450;123.33M;2.70%
01/29/2024;6475;6350;6475;6275;124.75M;2.78%
01/26/2024;6300;6250;6325;6225;77.24M;0.40%
01/25/2024;6275;6325;6400;6250;99.09M;-1.95%
01/24/2024;6400;6450;6475;6350;97.29M;-1.54%
01/23/2024;6500;6525;6550;6450;77.04M;0.00%
01/22/2024;6500;6500;6550;6450;96.99M;-0.38%
01/19/2024;6525;6500;6525;6425;74.81M;0.00%
01/18/2024;6525;6525;6550;6475;78.21M;0.00%
01/17/2024;6525;6525;6625;6500;80.93M;0.00%
01/16/2024;6525;6525;6625;6500;83.52M;0.38%
01/15/2024;6500;6575;6625;6475;83.07M;-1.14%
01/12/2024;6575;6575;6675;6525;114.04M;1.94%
01/11/2024;6450;6425;6500;6400;41.46M;0.39%
01/10/2024;6425;6375;6450;6325;50.02M;0.78%
01/09/2024;6375;6425;6450;6350;77.95M;-0.39%
01/08/2024;6400;6500;6600;6375;151.02M;-0.39%
01/05/2024;6425;6400;6475;6350;114.34M;1.18%
01/04/2024;6350;6125;6400;6100;152.51M;4.10%
01/03/2024;6100;6100;6150;6050;30.05M;-0.41%
01/02/2024;6125;6050;6125;6025;26.24M;1.24%
12/29/2023;6050;6125;6125;6000;63.10M;-1.22%
12/28/2023;6125;6050;6150;6000;75.12M;2.08%
12/27/2023;6000;6000;6025;5925;48.70M;0.42%
12/22/2023;5975;5950;5975;5925;29.98M;0.00%
12/21/2023;5975;5950;5975;5925;50.36M;0.84%
12/20/2023;5925;5900;5975;5900;65.36M;-0.84%
12/19/2023;5975;5950;5975;5925;54.00M;0.84%
12/18/2023;5925;5850;5950;5850;101.46M;0.42%
12/15/2023;5900;5950;6000;5900;142.38M;-0.84%
12/14/2023;5950;5825;6025;5800;189.38M;3.93%
12/13/2023;5725;5750;5775;5700;121.45M;-1.29%
12/12/2023;5800;5800;5825;5750;55.11M;0.43%
12/11/2023;5775;5650;5800;5650;68.66M;1.32%
12/08/2023;5700;5750;5775;5650;98.04M;-0.87%
12/07/2023;5750;5800;5825;5725;97.97M;-0.86%
12/06/2023;5800;5925;5950;5800;88.75M;-2.93%
12/05/2023;5975;6000;6000;5875;58.67M;-0.42%
12/04/2023;6000;5925;6025;5900;66.16M;1.69%
12/01/2023;5900;5850;5900;5825;31.37M;0.85%
11/30/2023;5850;5850;5925;5825;117.37M;0.00%
11/29/2023;5850;5850;5925;5825;36.80M;-0.85%
11/28/2023;5900;5900;5925;5875;58.26M;0.00%
11/27/2023;5900;5900;5925;5875;39.72M;0.43%
11/24/2023;5875;5925;5925;5850;33.28M;-0.42%
11/23/2023;5900;5950;5950;5900;36.73M;0.43%
11/22/2023;5875;5825;5900;5825;21.11M;0.00%
11/21/2023;5875;5850;5925;5825;55.09M;0.00%
11/20/2023;5875;5825;5925;5825;27.06M;-0.42%
11/17/2023;5900;5875;5950;5850;33.96M;-0.42%
11/16/2023;5925;5850;5925;5825;54.30M;0.00%
11/15/2023;5925;5900;5975;5875;74.26M;1.72%
11/14/2023;5825;5825;5900;5800;50.59M;0.00%
11/13/2023;5825;5850;5850;5800;22.08M;0.87%
11/10/2023;5775;5850;5850;5775;59.61M;-1.70%
11/09/2023;5875;5825;5900;5800;45.03M;0.43%
11/08/2023;5850;5775;5850;5725;63.55M;-0.43%
11/07/2023;5875;5950;5975;5800;56.16M;-0.84%
11/06/2023;5925;5900;5925;5850;58.27M;1.72%
11/03/2023;5825;5925;5975;5825;53.38M;-1.27%
11/02/2023;5900;5750;5925;5725;115.68M;4.42%
11/01/2023;5650;5700;5700;5625;74.28M;-0.44%
10/31/2023;5675;5800;5850;5650;99.45M;-0.87%
10/30/2023;5725;5700;5725;5625;81.55M;0.44%
10/27/2023;5700;5750;5775;5700;90.18M;0.00%
10/26/2023;5700;5800;5850;5700;86.35M;-2.56%
10/25/2023;5850;5825;5900;5775;90.43M;1.74%
10/24/2023;5750;5700;5800;5675;72.47M;1.32%
10/23/2023;5675;5700;5725;5625;73.90M;-1.30%
10/20/2023;5750;5675;5800;5650;98.53M;0.44%
10/19/2023;5725;5775;5800;5700;160.28M;-2.14%
10/18/2023;5850;5925;5950;5825;91.87M;-2.50%
10/17/2023;6000;6000;6025;5925;74.70M;-0.41%
10/16/2023;6025;6025;6075;5975;60.41M;-0.82%
10/13/2023;6075;6075;6150;6025;39.91M;0.00%
10/12/2023;6075;6075;6175;6050;91.34M;0.41%
10/11/2023;6050;5950;6175;5950;72.96M;0.83%
10/10/2023;6000;5900;6075;5900;48.85M;1.69%
10/09/2023;5900;6025;6050;5900;45.32M;-2.07%
10/06/2023;6025;6150;6150;6025;25.91M;-1.63%
10/05/2023;6125;6150;6200;6100;69.57M;0.00%
10/04/2023;6125;6075;6125;5975;69.15M;0.82%
10/03/2023;6075;6000;6075;6000;37.14M;0.41%
10/02/2023;6050;6025;6100;6025;33.30M;0.41%
09/29/2023;6025;6050;6050;6000;71.56M;0.42%
09/27/2023;6000;5925;6050;5900;75.05M;1.27%
09/26/2023;5925;5975;6000;5850;109.79M;-1.25%
09/25/2023;6000;6000;6050;5975;40.71M;0.00%
09/22/2023;6000;6000;6050;5975;51.07M;0.00%
09/21/2023;6000;6050;6075;5975;60.54M;-1.23%
09/20/2023;6075;6100;6125;6050;64.86M;1.25%
09/19/2023;6000;5900;6075;5875;93.89M;1.69%
09/18/2023;5900;5900;5950;5875;53.45M;-0.42%
09/15/2023;5925;5900;5975;5850;165.11M;1.72%
09/14/2023;5825;5825;5875;5775;59.13M;-0.43%
09/13/2023;5850;5825;5850;5775;69.88M;-0.43%
09/12/2023;5875;5950;5950;5850;54.08M;-0.84%
09/11/2023;5925;5900;5925;5825;74.51M;0.42%
09/08/2023;5900;5900;5925;5775;81.98M;0.43%
09/07/2023;5875;6000;6025;5825;124.35M;-2.89%
09/06/2023;6050;6050;6125;6050;40.55M;-0.82%
09/05/2023;6100;6100;6150;6075;24.89M;0.00%
09/04/2023;6100;6075;6150;6050;56.32M;0.41%
09/01/2023;6075;6075;6125;6050;50.80M;0.83%
08/31/2023;6025;6000;6075;5900;159.06M;0.84%
08/30/2023;5975;5925;6100;5925;65.73M;0.42%
08/29/2023;5950;6000;6025;5950;50.84M;-0.83%
08/28/2023;6000;5950;6025;5900;63.98M;1.69%
08/25/2023;5900;5900;5925;5825;65.09M;-0.84%
08/24/2023;5950;5900;5950;5875;42.65M;1.71%
08/23/2023;5850;5950;5950;5850;40.84M;-1.68%
08/22/2023;5950;5800;5950;5800;93.62M;2.15%
08/21/2023;5825;5800;5875;5800;61.85M;0.87%
08/18/2023;5775;5725;5825;5725;104.89M;-0.43%
08/16/2023;5800;5775;5800;5675;190.59M;0.00%
08/15/2023;5800;5900;5925;5800;116.82M;-2.52%
08/14/2023;5950;5925;5950;5800;86.46M;0.42%
08/11/2023;5925;5975;6025;5900;46.57M;-0.84%
08/10/2023;5975;5925;6000;5900;78.94M;1.27%
08/09/2023;5900;5900;5950;5850;64.50M;0.00%
08/08/2023;5900;5900;5950;5875;83.48M;0.43%
08/07/2023;5875;5850;5925;5825;104.34M;1.73%
08/04/2023;5775;5800;5825;5750;47.14M;-0.43%
08/03/2023;5800;5725;5825;5700;68.59M;1.75%
08/02/2023;5700;5625;5750;5600;133.55M;0.88%
08/01/2023;5650;5650;5725;5600;114.70M;-1.31%
07/31/2023;5725;5800;5800;5625;189.38M;0.44%
07/28/2023;5700;5625;5725;5625;121.97M;1.33%
07/27/2023;5625;5575;5700;5575;86.56M;0.90%
07/26/2023;5575;5550;5600;5525;88.53M;0.45%
07/25/2023;5550;5550;5575;5500;65.24M;0.91%
07/24/2023;5500;5550;5625;5500;54.87M;-0.90%
07/21/2023;5550;5550;5575;5450;111.28M;0.45%
07/20/2023;5525;5400;5550;5400;132.05M;3.27%
07/18/2023;5350;5375;5425;5300;84.11M;-0.47%
07/17/2023;5375;5425;5475;5375;99.90M;-0.46%
07/14/2023;5400;5400;5425;5350;122.34M;0.93%
07/13/2023;5350;5375;5375;5275;101.28M;0.94%
07/12/2023;5300;5300;5375;5250;123.95M;0.47%
07/11/2023;5275;5200;5300;5175;100.58M;1.93%
07/10/2023;5175;5175;5225;5150;82.69M;0.49%
07/07/2023;5150;5275;5300;5150;128.52M;-2.83%
07/06/2023;5300;5300;5350;5250;90.98M;0.47%
07/05/2023;5275;5300;5325;5250;78.43M;0.48%
07/04/2023;5250;5400;5400;5225;119.84M;-1.87%
07/03/2023;5350;5125;5350;5125;227.36M;2.88%
06/27/2023;5200;5175;5250;5150;101.61M;1.46%
06/26/2023;5125;5100;5175;5075;74.26M;0.99%
06/23/2023;5075;5075;5125;5050;47.28M;0.00%
06/22/2023;5075;5100;5150;5075;60.46M;-0.49%
06/21/2023;5100;5050;5100;5050;58.52M;0.00%
06/20/2023;5100;5100;5125;5050;44.32M;-0.49%
06/19/2023;5125;5100;5150;5100;36.21M;-0.49%
06/16/2023;5150;5125;5150;5075;103.94M;0.49%
06/15/2023;5125;5050;5150;5050;94.10M;1.49%
06/14/2023;5050;5125;5150;5050;96.67M;-0.98%
06/13/2023;5100;5100;5175;5050;143.80M;0.00%
06/12/2023;5100;5100;5125;5050;91.08M;-0.49%
06/09/2023;5125;5025;5125;5000;151.34M;1.99%
06/08/2023;5025;5000;5075;5000;173.48M;0.00%
06/07/2023;5025;5000;5075;5000;115.94M;-0.50%
06/06/2023;5050;5050;5100;4950;244.62M;-0.49%
06/05/2023;5075;5100;5150;5075;149.19M;0.50%
05/31/2023;5050;5175;5200;5050;242.45M;-1.94%
05/30/2023;5150;5100;5200;5100;60.30M;0.00%
05/29/2023;5150;5175;5175;5100;60.65M;0.49%
05/26/2023;5125;5175;5200;5100;42.31M;-0.97%
05/25/2023;5175;5050;5175;5050;66.33M;1.97%
05/24/2023;5075;5125;5150;5050;114.27M;-0.98%
05/23/2023;5125;5200;5250;5100;140.09M;-1.91%
05/22/2023;5225;5100;5250;5075;120.29M;2.96%
05/19/2023;5075;5075;5100;5025;71.45M;1.50%
05/17/2023;5000;4990;5075;4980;63.52M;0.20%
05/16/2023;4990;5075;5075;4980;46.89M;-1.19%
05/15/2023;5050;5050;5050;5000;65.31M;1.00%
05/12/2023;5000;5075;5075;5000;90.82M;-1.96%
05/11/2023;5100;5075;5100;5025;63.61M;0.49%
05/10/2023;5075;5050;5125;5050;58.17M;0.50%
05/09/2023;5050;5100;5125;5050;94.10M;-1.46%
05/08/2023;5125;5175;5200;5125;64.68M;-0.97%
05/05/2023;5175;5175;5200;5125;55.13M;0.00%
05/04/2023;5175;5175;5225;5125;92.25M;-0.96%
05/03/2023;5225;5250;5250;5150;92.72M;-0.48%
05/02/2023;5250;5250;5250;5175;117.68M;1.45%
04/28/2023;5175;5225;5225;5150;116.96M;-0.48%
04/27/2023;5200;5175;5225;5175;66.31M;0.00%
04/26/2023;5200;5400;5425;5175;207.34M;0.48%
04/18/2023;5175;5150;5250;5125;107.12M;0.98%
04/17/2023;5125;5225;5250;5125;95.83M;-1.91%
04/14/2023;5225;5150;5250;5150;123.63M;1.95%
04/13/2023;5125;5175;5200;5125;89.93M;-0.49%
04/12/2023;5150;5100;5225;5100;95.91M;0.98%
04/11/2023;5100;5100;5100;5050;37.78M;0.00%
04/10/2023;5100;5150;5175;5050;67.02M;-1.45%
04/06/2023;5175;5225;5225;5150;48.18M;-0.96%
04/05/2023;5225;5150;5250;5150;43.37M;0.48%
04/04/2023;5200;5250;5300;5100;84.14M;-1.19%
04/03/2023;5263;5200;5263;5200;92.31M;1.94%
03/31/2023;5163;5138;5163;5100;95.56M;0.98%
03/30/2023;5113;5175;5200;5113;97.19M;-1.21%
03/29/2023;5175;5125;5188;5100;88.21M;2.22%
03/28/2023;5063;5100;5138;5050;86.37M;-0.74%
03/27/2023;5100;5200;5213;5100;152.30M;-6.42%
03/24/2023;5450;5313;5475;5288;263.58M;3.81%
03/21/2023;5250;5050;5250;5038;116.46M;5.00%
03/20/2023;5000;5025;5050;5000;46.45M;-0.99%
03/17/2023;5050;4975;5063;4963;175.66M;2.54%
03/16/2023;4925;5038;5038;4913;124.90M;-1.99%
03/15/2023;5025;5025;5088;4925;233.24M;1.26%
03/14/2023;4963;5100;5138;4925;192.77M;-4.11%
03/13/2023;5175;5138;5188;5113;92.83M;-0.24%
03/10/2023;5188;5213;5213;5138;111.42M;-0.72%
03/09/2023;5225;5200;5250;5175;83.29M;1.70%
03/08/2023;5138;5125;5138;5088;87.87M;0.98%
03/07/2023;5088;5075;5138;5063;70.48M;0.49%
03/06/2023;5063;5088;5113;5038;53.84M;0.75%
03/03/2023;5025;5100;5125;5013;88.63M;-1.71%
03/02/2023;5113;5075;5150;5075;73.02M;1.24%
03/01/2023;5050;5075;5100;5025;89.57M;1.00%
02/28/2023;5000;5038;5075;5000;146.44M;-1.48%
02/27/2023;5075;5038;5075;5025;39.61M;0.25%
02/24/2023;5063;5063;5113;5038;63.51M;0.50%
02/23/2023;5038;4988;5050;4963;177.53M;0.75%
02/22/2023;5000;5063;5088;4975;90.13M;-1.96%
02/21/2023;5100;5150;5150;5088;52.60M;-0.73%
02/20/2023;5138;5150;5150;5100;40.95M;-0.24%
02/17/2023;5150;5088;5150;5050;49.80M;1.23%
02/16/2023;5088;5113;5138;5063;49.61M;-0.49%
02/15/2023;5113;5150;5175;5050;90.23M;-1.45%
02/14/2023;5188;5225;5225;5138;32.26M;0.24%
02/13/2023;5175;5275;5275;5125;47.97M;0.49%
02/10/2023;5150;5225;5225;5075;81.11M;0.49%
02/09/2023;5125;5150;5200;5125;108.52M;0.49%
02/08/2023;5100;5063;5113;5050;75.66M;0.25%
02/07/2023;5088;4975;5113;4950;118.13M;3.04%
02/06/2023;4938;4963;5025;4875;109.10M;-0.50%
02/03/2023;4963;4875;4975;4875;108.13M;2.06%
02/02/2023;4863;4863;4875;4788;77.30M;0.26%
02/01/2023;4850;4975;5025;4838;165.73M;-2.51%
01/31/2023;4975;5013;5050;4938;137.34M;0.00%
01/30/2023;4975;5013;5063;4938;107.03M;-0.75%
01/27/2023;5013;4950;5075;4950;199.73M;2.04%
01/26/2023;4913;4888;4938;4875;71.18M;1.29%
01/25/2023;4850;4900;4925;4850;62.82M;-2.02%
01/24/2023;4950;4925;4988;4900;32.70M;-0.75%
01/20/2023;4988;4925;5000;4900;80.10M;2.31%
01/19/2023;4875;4800;4913;4763;70.23M;2.09%
01/18/2023;4775;4825;4888;4750;95.87M;-2.05%
01/17/2023;4875;4700;4913;4688;146.24M;4.84%
01/16/2023;4650;4550;4675;4550;132.49M;1.36%
01/13/2023;4588;4563;4613;4525;107.49M;-0.27%
01/12/2023;4600;4500;4725;4500;205.62M;2.79%
01/11/2023;4475;4538;4588;4450;225.94M;-3.50%
01/10/2023;4638;4750;4775;4588;192.00M;-4.63%
01/09/2023;4863;4875;4925;4800;67.26M;-0.77%
01/06/2023;4900;4863;4900;4800;44.10M;-0.25%
01/05/2023;4913;5025;5025;4863;84.95M;-2.00%
01/04/2023;5013;5013;5038;4988;38.58M;0.75%
01/03/2023;4975;4925;4988;4925;13.82M;0.76%
01/02/2023;4938;4963;4988;4938;7.07M;-0.50%
12/30/2022;4963;5000;5025;4963;40.66M;-0.50%
12/29/2022;4988;4950;4988;4938;56.98M;0.00%
12/28/2022;4988;5000;5000;4925;37.69M;0.25%
12/27/2022;4975;5025;5025;4938;46.28M;-1.00%
12/26/2022;5025;4988;5025;4975;19.58M;1.26%
12/23/2022;4963;4950;5000;4950;38.57M;-0.25%
12/22/2022;4975;5050;5050;4975;65.63M;-0.50%
12/21/2022;5000;5063;5063;5000;37.96M;-0.50%
12/20/2022;5025;5000;5025;4975;56.64M;0.50%
12/19/2022;5000;5000;5038;4950;88.02M;-0.99%
12/16/2022;5050;4913;5050;4913;430.64M;2.02%
12/15/2022;4950;4950;5013;4950;66.46M;-0.50%
12/14/2022;4975;5038;5050;4975;162.69M;0.51%
12/13/2022;4950;4888;5000;4888;200.59M;-0.50%
12/12/2022;4975;4913;5000;4888;165.80M;0.25%
12/09/2022;4963;4975;5025;4913;220.82M;-1.24%
12/08/2022;5025;5038;5113;4988;258.26M;-3.13%
12/07/2022;5188;5313;5350;5188;173.35M;-4.82%
12/06/2022;5450;5438;5500;5363;139.36M;0.23%
12/05/2022;5438;5325;5500;5288;167.73M;3.33%
12/02/2022;5263;5200;5263;5163;70.81M;1.20%
12/01/2022;5200;5263;5325;5200;118.05M;-1.19%
11/30/2022;5263;5163;5400;5163;234.34M;1.94%
11/29/2022;5163;5125;5225;5100;65.81M;1.98%
11/28/2022;5063;5088;5138;5063;54.06M;-0.49%
11/25/2022;5088;5113;5113;5050;64.42M;-0.49%
11/24/2022;5113;5113;5150;5100;73.13M;0.25%
11/23/2022;5100;5063;5150;5063;80.26M;0.74%
11/22/2022;5063;5025;5125;5025;79.85M;0.25%
11/21/2022;5050;5088;5100;5013;64.13M;-0.74%
11/18/2022;5088;4975;5113;4963;111.65M;2.78%
11/17/2022;4950;4925;5013;4925;167.63M;-1.00%
11/16/2022;5000;5050;5088;4950;128.29M;-2.44%
11/15/2022;5125;5150;5150;5050;68.66M;0.00%
11/14/2022;5125;5275;5275;5075;73.95M;-1.68%
11/11/2022;5213;5150;5225;5113;102.01M;3.22%
11/10/2022;5050;5025;5075;5000;53.26M;-0.49%
11/09/2022;5075;5025;5075;5025;47.78M;0.00%
11/08/2022;5075;5138;5138;5038;39.60M;-0.98%
11/07/2022;5125;5088;5125;5000;81.86M;0.99%
11/04/2022;5075;5013;5075;5000;61.49M;-0.25%
11/03/2022;5088;4975;5100;4975;105.33M;0.99%
11/02/2022;5038;5188;5200;4988;113.94M;-3.13%
11/01/2022;5200;5300;5300;5113;101.03M;-1.42%
10/31/2022;5275;5150;5275;5113;138.12M;3.43%
10/28/2022;5100;5063;5113;5050;83.86M;0.00%
10/27/2022;5100;5100;5163;5025;84.53M;0.00%
10/26/2022;5100;5113;5125;5000;70.25M;-0.24%
10/25/2022;5113;5138;5225;5113;83.42M;-0.24%
10/24/2022;5125;5163;5250;5125;102.17M;-0.97%
10/21/2022;5175;5000;5225;4963;183.99M;4.55%
10/20/2022;4950;4675;4963;4675;102.42M;4.49%
10/19/2022;4738;4688;4788;4663;71.54M;-0.26%
10/18/2022;4750;4750;4788;4725;67.90M;0.53%
10/17/2022;4725;4725;4738;4650;60.91M;0.53%
10/14/2022;4700;4825;4825;4688;106.77M;-0.79%
10/13/2022;4738;4750;4775;4663;58.83M;0.53%
10/12/2022;4713;4688;4750;4650;118.73M;1.34%
10/11/2022;4650;4713;4713;4625;71.93M;0.00%
10/10/2022;4650;4688;4700;4638;55.47M;-1.33%
10/07/2022;4713;4663;4713;4638;51.27M;1.07%
10/06/2022;4663;4650;4663;4613;43.28M;0.54%
10/05/2022;4638;4650;4738;4638;75.89M;0.54%
10/04/2022;4613;4650;4688;4613;90.25M;-0.54%
10/03/2022;4638;4663;4688;4613;54.66M;-1.59%
09/30/2022;4713;4650;4713;4613;113.50M;1.89%
09/29/2022;4625;4675;4688;4600;67.95M;-0.54%
09/28/2022;4650;4725;4800;4638;133.09M;-0.53%
09/27/2022;4675;4625;4675;4600;130.96M;1.08%
09/26/2022;4625;4563;4688;4475;133.77M;0.54%
09/23/2022;4600;4600;4625;4575;61.88M;0.00%
09/22/2022;4600;4638;4650;4588;96.48M;-0.81%
09/21/2022;4638;4575;4638;4550;71.04M;0.82%
09/20/2022;4600;4663;4688;4600;140.75M;-0.27%
09/19/2022;4613;4625;4650;4575;137.40M;1.37%
09/16/2022;4550;4638;4650;4513;167.81M;-2.67%
09/15/2022;4675;4700;4750;4650;156.75M;0.54%
09/14/2022;4650;4638;4700;4600;119.63M;-1.59%
09/13/2022;4725;4625;4750;4613;185.49M;3.00%
09/12/2022;4588;4575;4600;4538;110.82M;1.10%
09/09/2022;4538;4538;4550;4475;128.51M;1.40%
09/08/2022;4475;4450;4550;4413;96.93M;0.85%
09/07/2022;4438;4388;4438;4363;87.44M;0.57%
09/06/2022;4413;4488;4500;4400;65.35M;-1.40%
09/05/2022;4475;4425;4500;4400;60.49M;1.13%
09/02/2022;4425;4488;4500;4363;83.17M;-0.84%
09/01/2022;4463;4425;4475;4338;120.97M;0.85%
08/31/2022;4425;4250;4425;4225;151.63M;2.31%
08/30/2022;4325;4313;4375;4288;97.63M;1.17%
08/29/2022;4275;4200;4300;4175;73.77M;0.59%
08/26/2022;4250;4313;4325;4250;82.36M;-0.87%
08/25/2022;4288;4275;4313;4213;77.25M;-0.58%
08/24/2022;4313;4300;4350;4275;60.96M;0.00%
08/23/2022;4313;4250;4338;4225;95.55M;1.17%
08/22/2022;4263;4213;4275;4175;121.40M;0.29%
08/19/2022;4250;4300;4325;4250;48.29M;-1.16%
08/18/2022;4300;4388;4400;4288;116.69M;0.88%
08/16/2022;4263;4275;4325;4238;109.26M;0.89%
08/15/2022;4225;4225;4275;4200;44.46M;-0.29%
08/12/2022;4238;4263;4288;4213;63.55M;-0.59%
08/11/2022;4263;4313;4338;4213;106.63M;-0.87%
08/10/2022;4300;4175;4300;4125;79.95M;1.47%
08/09/2022;4238;4213;4300;4200;117.15M;1.50%
08/08/2022;4175;4125;4175;4113;82.52M;1.21%
08/05/2022;4125;4138;4150;4088;64.15M;0.00%
08/04/2022;4125;4150;4150;4075;59.80M;0.00%
08/03/2022;4125;4088;4125;4025;55.82M;0.92%
08/02/2022;4088;4000;4088;3988;57.46M;2.51%
08/01/2022;3988;4100;4113;3988;95.91M;-3.63%
07/29/2022;4138;4113;4175;4075;132.71M;2.80%
07/28/2022;4025;4013;4100;4013;94.43M;-0.62%
07/27/2022;4050;4025;4063;4000;87.44M;1.25%
07/26/2022;4000;3913;4013;3900;58.32M;2.89%
07/25/2022;3888;3938;3950;3888;30.75M;-0.96%
07/22/2022;3925;3963;3963;3888;54.46M;-0.63%
07/21/2022;3950;4000;4000;3863;125.70M;0.00%
07/20/2022;3950;3775;3975;3775;215.71M;6.40%
07/19/2022;3713;3675;3725;3638;128.96M;1.02%
07/18/2022;3675;3613;3675;3613;152.08M;2.44%
07/15/2022;3588;3650;3700;3588;191.95M;-1.37%
07/14/2022;3638;3625;3688;3600;158.44M;0.00%
07/13/2022;3638;3700;3713;3638;142.49M;-2.02%
07/12/2022;3713;3738;3738;3688;51.52M;-0.67%
07/11/2022;3738;3738;3763;3700;22.86M;0.00%
07/08/2022;3738;3775;3775;3700;57.16M;0.67%
07/07/2022;3713;3750;3775;3713;120.44M;-1.33%
07/06/2022;3763;3825;3825;3675;180.81M;-1.63%
07/05/2022;3825;3725;3863;3725;90.92M;3.38%
07/04/2022;3700;3788;3838;3638;246.42M;-2.63%
07/01/2022;3800;3938;3963;3788;191.67M;-4.10%
06/30/2022;3963;4000;4050;3950;125.51M;-0.31%
06/29/2022;3975;4050;4063;3975;93.08M;-2.15%
06/28/2022;4063;4075;4100;4000;97.27M;-1.22%
06/27/2022;4113;4200;4200;4038;77.47M;-0.90%
06/24/2022;4150;4100;4150;4075;60.64M;1.84%
06/23/2022;4075;4075;4113;4050;48.82M;0.00%
06/22/2022;4075;4100;4138;4063;88.31M;-1.21%
06/21/2022;4125;4150;4175;4100;63.00M;0.00%
06/20/2022;4125;4050;4125;4025;74.98M;2.17%
06/17/2022;4038;4088;4125;4038;156.84M;-3.58%
06/16/2022;4188;4250;4250;4150;186.69M;0.90%
06/15/2022;4150;4063;4163;4063;142.40M;1.22%
06/14/2022;4100;4000;4100;4000;100.14M;1.23%
06/13/2022;4050;4000;4050;3975;122.47M;-0.92%
06/10/2022;4088;4138;4163;4075;165.12M;-2.97%
06/09/2022;4213;4200;4250;4175;216.80M;0.30%
06/08/2022;4200;4113;4213;4075;153.41M;1.20%
06/07/2022;4150;4100;4175;4075;132.67M;1.84%
06/06/2022;4075;4100;4175;4013;148.78M;-0.61%
06/03/2022;4100;4138;4150;4100;147.96M;0.00%
06/02/2022;4100;4163;4175;4025;203.02M;-3.53%
05/31/2022;4250;4138;4250;4113;262.05M;3.66%
05/30/2022;4100;4100;4100;4000;117.62M;1.23%
05/27/2022;4050;4000;4063;3975;155.08M;3.18%
05/25/2022;3925;3950;4025;3913;132.64M;-0.95%
05/24/2022;3963;3975;4025;3950;134.56M;0.63%
05/23/2022;3938;4025;4038;3900;144.01M;-1.56%
05/20/2022;4000;3975;4025;3975;106.87M;1.27%
05/19/2022;3950;3900;3963;3875;127.74M;0.00%
05/18/2022;3950;3988;4013;3900;162.52M;0.64%
05/17/2022;3925;3900;4000;3900;149.55M;0.64%
05/13/2022;3900;3938;3950;3875;165.51M;-0.95%
05/12/2022;3938;3988;4025;3863;162.73M;-1.56%
05/11/2022;4000;4050;4100;4000;198.92M;-1.23%
05/10/2022;4050;3913;4088;3913;498.44M;-2.70%
05/09/2022;4163;4313;4338;4163;351.64M;-6.98%
04/28/2022;4475;4388;4538;4338;443.16M;8.81%
04/27/2022;4113;4138;4213;4113;118.27M;-1.50%
04/26/2022;4175;4125;4213;4113;131.93M;1.52%
04/25/2022;4113;4100;4225;4013;179.08M;-0.60%
04/22/2022;4138;4100;4163;4038;168.30M;-0.30%
04/21/2022;4150;4000;4200;3963;337.36M;5.73%
04/20/2022;3925;3825;3950;3813;164.35M;3.63%
04/19/2022;3788;3813;3838;3788;104.51M;-0.66%
04/18/2022;3813;3838;3863;3788;101.50M;-0.65%
04/14/2022;3838;3863;3875;3825;63.28M;-0.65%
04/13/2022;3863;3838;3875;3825;90.56M;0.32%
04/12/2022;3850;3838;3875;3813;92.69M;0.33%
04/11/2022;3838;3850;3875;3825;107.97M;-0.32%
04/08/2022;3850;3900;3900;3838;94.62M;0.00%
04/07/2022;3850;3838;3888;3813;136.16M;0.33%
04/06/2022;3838;3900;3900;3825;129.48M;-1.92%
04/05/2022;3913;3900;3938;3900;82.38M;0.00%
04/04/2022;3913;3913;3950;3888;82.01M;-0.63%
04/01/2022;3938;3950;3950;3888;62.91M;-0.32%
03/31/2022;3950;3963;3988;3925;69.17M;0.32%
03/30/2022;3938;3975;3988;3925;82.48M;-0.63%
03/29/2022;3963;3988;4013;3938;160.11M;0.63%
03/28/2022;3938;3938;3950;3900;95.35M;0.32%
03/25/2022;3925;3975;3988;3888;136.08M;-0.95%
03/24/2022;3963;3850;3963;3850;210.91M;1.93%
03/23/2022;3888;3838;3900;3825;183.89M;1.30%
03/22/2022;3838;3850;3875;3825;112.67M;0.33%
03/21/2022;3825;3838;3863;3800;162.36M;-3.47%
03/18/2022;3963;3988;4000;3938;212.23M;-0.31%
03/17/2022;3975;4000;4050;3975;235.56M;0.00%
03/16/2022;3975;3900;4025;3900;291.91M;2.25%
03/15/2022;3888;3900;3938;3888;146.74M;0.32%
03/14/2022;3875;3825;3913;3813;173.51M;1.31%
03/11/2022;3825;3863;3863;3800;122.40M;-0.33%
03/10/2022;3838;3850;3875;3800;105.80M;0.66%
03/09/2022;3813;3788;3863;3788;115.11M;0.99%
03/08/2022;3775;3813;3850;3775;104.07M;0.00%
03/07/2022;3775;3775;3813;3750;137.67M;-1.31%
03/04/2022;3825;3850;3863;3800;104.91M;0.33%
03/02/2022;3813;3825;3863;3775;110.82M;-0.33%
03/01/2022;3825;3838;3925;3825;149.53M;-0.65%
02/25/2022;3850;3863;3875;3825;163.30M;0.00%
02/24/2022;3850;3863;3938;3825;170.30M;-2.22%
02/23/2022;3938;3963;3975;3913;85.99M;0.00%
02/22/2022;3938;3913;3950;3888;69.48M;0.32%
02/21/2022;3925;3925;3963;3925;31.72M;0.00%
02/18/2022;3925;3913;3975;3875;81.30M;0.00%
02/17/2022;3925;3938;3938;3838;103.04M;0.00%
02/16/2022;3925;3963;3963;3875;74.79M;-0.63%
02/15/2022;3950;3900;3950;3838;67.80M;1.28%
02/14/2022;3900;3850;3900;3813;76.26M;0.97%
02/11/2022;3863;3888;3888;3825;81.58M;0.00%
02/10/2022;3863;3850;3875;3825;107.68M;0.65%
02/09/2022;3838;3850;3863;3800;107.36M;0.66%
02/08/2022;3813;3800;3863;3775;158.58M;1.67%
02/07/2022;3750;3825;3825;3738;68.87M;0.33%
02/04/2022;3738;3725;3763;3700;36.63M;0.00%
02/03/2022;3738;3738;3738;3675;60.20M;0.00%
02/02/2022;3738;3763;3763;3725;68.77M;0.00%
01/31/2022;3738;3888;3888;3725;101.70M;-2.29%
01/28/2022;3825;3813;3825;3775;121.15M;1.32%
01/27/2022;3775;3738;3800;3700;113.62M;1.00%
01/26/2022;3738;3650;3738;3613;140.64M;3.46%
01/25/2022;3613;3600;3625;3575;69.27M;-0.69%
01/24/2022;3638;3638;3638;3600;44.48M;-0.34%
01/21/2022;3650;3588;3650;3563;76.81M;1.74%
01/20/2022;3588;3550;3588;3513;53.07M;2.14%
01/19/2022;3513;3588;3600;3500;103.09M;-3.10%
01/18/2022;3625;3588;3625;3550;64.48M;0.69%
01/17/2022;3600;3625;3638;3575;43.19M;0.35%
01/14/2022;3588;3538;3613;3538;43.65M;0.70%
01/13/2022;3563;3575;3588;3550;35.76M;-0.35%
01/12/2022;3575;3525;3575;3525;34.25M;1.42%
01/11/2022;3525;3550;3550;3500;50.37M;0.00%
01/10/2022;3525;3538;3550;3525;44.38M;0.00%
01/07/2022;3525;3513;3550;3513;68.45M;0.36%
01/06/2022;3513;3538;3538;3475;65.65M;0.00%
01/05/2022;3513;3575;3588;3463;98.91M;-2.09%
01/04/2022;3588;3538;3600;3525;44.54M;1.77%
01/03/2022;3525;3550;3563;3513;31.00M;0.36%
12/30/2021;3513;3550;3563;3513;34.95M;-1.06%
12/29/2021;3550;3538;3563;3500;20.86M;0.71%
12/28/2021;3525;3525;3525;3488;39.84M;0.71%
12/27/2021;3500;3525;3550;3488;34.10M;-0.71%
12/24/2021;3525;3550;3575;3475;54.90M;-0.35%
12/23/2021;3538;3525;3575;3525;44.57M;0.35%
12/22/2021;3525;3588;3600;3525;34.81M;-1.40%
12/21/2021;3575;3575;3625;3550;49.86M;1.06%
12/20/2021;3538;3550;3575;3538;57.93M;-1.05%
12/17/2021;3575;3613;3613;3538;83.95M;-1.38%
12/16/2021;3625;3650;3663;3600;69.08M;-0.34%
12/15/2021;3638;3575;3663;3563;75.68M;1.39%
12/14/2021;3588;3563;3600;3550;65.06M;0.70%
12/13/2021;3563;3600;3613;3563;50.09M;-1.04%
12/10/2021;3600;3600;3613;3550;93.53M;-2.04%
12/09/2021;3675;3625;3675;3563;42.69M;2.80%
12/08/2021;3575;3638;3650;3575;56.06M;-2.05%
12/07/2021;3650;3588;3650;3588;64.29M;1.74%
12/06/2021;3588;3575;3625;3550;52.05M;0.35%
12/03/2021;3575;3600;3613;3550;46.11M;-0.69%
12/02/2021;3600;3538;3625;3500;70.42M;1.77%
12/01/2021;3538;3500;3563;3475;93.12M;1.07%
11/30/2021;3500;3625;3625;3475;219.34M;-2.44%
11/29/2021;3588;3550;3638;3463;112.67M;1.06%
11/26/2021;3550;3663;3663;3538;78.63M;-3.40%
11/25/2021;3675;3613;3688;3588;97.47M;2.80%
11/24/2021;3575;3563;3588;3550;56.22M;0.00%
11/23/2021;3575;3613;3638;3550;63.13M;-2.72%
11/22/2021;3675;3675;3750;3613;92.37M;1.38%
11/19/2021;3625;3588;3650;3575;101.13M;1.05%
11/18/2021;3588;3600;3613;3575;30.91M;-0.69%
11/17/2021;3613;3613;3625;3575;72.79M;0.00%
11/16/2021;3613;3525;3613;3513;76.14M;2.48%
11/15/2021;3525;3550;3575;3525;40.13M;-0.70%
11/12/2021;3550;3638;3638;3525;56.81M;-1.73%
11/11/2021;3613;3563;3613;3513;86.36M;1.05%
11/10/2021;3575;3438;3575;3438;156.12M;4.00%
11/09/2021;3438;3525;3550;3425;120.57M;-1.79%
11/08/2021;3500;3600;3600;3500;50.52M;-1.41%
11/05/2021;3550;3625;3625;3500;48.04M;-1.05%
11/04/2021;3588;3625;3650;3588;103.73M;0.70%
11/03/2021;3563;3488;3625;3463;107.56M;1.42%
11/02/2021;3513;3588;3600;3500;51.92M;-2.09%
11/01/2021;3588;3625;3625;3575;65.62M;0.00%
10/29/2021;3588;3588;3650;3575;160.95M;2.14%
10/28/2021;3513;3563;3575;3500;99.02M;-1.75%
10/27/2021;3575;3600;3613;3563;82.93M;-0.35%
10/26/2021;3588;3550;3600;3550;55.87M;0.70%
10/25/2021;3563;3588;3625;3563;76.30M;-1.04%
10/22/2021;3600;3550;3613;3538;65.78M;0.35%
10/21/2021;3588;3588;3663;3563;189.26M;-0.35%
10/19/2021;3600;3625;3625;3525;99.36M;0.35%
10/18/2021;3588;3600;3663;3575;152.95M;0.35%
10/15/2021;3575;3588;3600;3538;84.35M;-0.35%
10/14/2021;3588;3563;3588;3525;104.31M;1.06%
10/13/2021;3550;3538;3550;3475;135.00M;1.43%
10/12/2021;3500;3488;3525;3463;191.04M;1.45%
10/11/2021;3450;3450;3463;3400;123.02M;0.00%
10/08/2021;3450;3363;3488;3363;223.59M;2.99%
10/07/2021;3350;3325;3413;3313;253.20M;1.52%
10/06/2021;3300;3238;3338;3225;168.78M;2.72%
10/05/2021;3213;3225;3275;3188;94.89M;-0.77%
10/04/2021;3238;3088;3250;3075;156.69M;6.15%
10/01/2021;3050;3075;3100;3025;74.98M;-0.81%
09/30/2021;3075;3025;3075;3000;82.81M;2.50%
09/29/2021;3000;2975;3025;2963;56.47M;0.84%
09/28/2021;2975;2975;3013;2950;64.65M;0.85%
09/27/2021;2950;3000;3013;2950;68.50M;-1.26%
09/24/2021;2988;3038;3050;2963;50.28M;-1.65%
09/23/2021;3038;3063;3063;3013;40.61M;0.00%
09/22/2021;3038;2988;3050;2975;26.71M;1.67%
09/21/2021;2988;3013;3013;2963;45.15M;-0.83%
09/20/2021;3013;3013;3038;2963;57.57M;-0.41%
09/17/2021;3025;3063;3075;3025;82.45M;-1.63%
09/16/2021;3075;3088;3100;3063;61.34M;0.41%
09/15/2021;3063;3088;3100;3050;135.50M;0.41%
09/14/2021;3050;3075;3100;3038;84.93M;-0.81%
09/13/2021;3075;3050;3113;3025;104.81M;-0.81%
09/10/2021;3100;3138;3150;3088;107.58M;-2.36%
09/09/2021;3175;3150;3175;3063;93.33M;1.60%
09/08/2021;3125;3150;3150;3063;84.66M;0.00%
09/07/2021;3125;3125;3175;3113;70.45M;0.81%
09/06/2021;3100;3100;3163;3063;51.68M;1.22%
09/03/2021;3063;3050;3075;3000;50.76M;1.24%
09/02/2021;3025;3025;3050;2988;51.55M;0.83%
09/01/2021;3000;3050;3050;3000;70.08M;-1.64%
08/31/2021;3050;3000;3050;2975;135.70M;2.52%
08/30/2021;2975;2925;2975;2913;65.06M;2.59%
08/27/2021;2900;2913;2938;2888;35.77M;-0.43%
08/26/2021;2913;2925;2963;2913;55.05M;-2.10%
08/25/2021;2975;2938;2988;2925;60.73M;2.15%
08/24/2021;2913;2975;2988;2900;85.22M;-2.51%
08/23/2021;2988;2950;3000;2950;46.35M;1.27%
08/20/2021;2950;2950;2975;2900;62.84M;0.85%
08/19/2021;2925;3050;3050;2900;101.98M;-3.31%
08/18/2021;3025;3000;3088;2963;141.23M;1.26%
08/16/2021;2988;3000;3025;2925;53.07M;-0.42%
08/13/2021;3000;2988;3025;2950;41.77M;1.27%
08/12/2021;2963;2938;2975;2913;51.33M;2.16%
08/10/2021;2900;2900;2938;2888;54.89M;0.00%
08/09/2021;2900;3000;3013;2900;50.32M;-2.93%
08/06/2021;2988;3038;3050;2975;63.68M;-1.24%
08/05/2021;3025;2938;3038;2925;140.25M;3.86%
08/04/2021;2913;2913;2950;2888;67.41M;0.87%
08/03/2021;2888;2850;2900;2825;70.96M;1.76%
08/02/2021;2838;2888;2888;2813;68.57M;-0.44%
07/30/2021;2850;2913;2913;2850;92.13M;-0.87%
07/29/2021;2875;2950;2950;2875;68.17M;-2.54%
07/28/2021;2950;2875;2950;2875;41.27M;1.29%
07/27/2021;2913;2925;2950;2875;79.28M;0.43%
07/26/2021;2900;2988;3000;2900;77.16M;-2.93%
07/23/2021;2988;3000;3025;2975;37.46M;-1.24%
07/22/2021;3025;2988;3050;2975;55.17M;2.11%
07/21/2021;2963;2913;2975;2900;87.10M;3.04%
07/19/2021;2875;2900;2925;2875;31.46M;-2.13%
07/16/2021;2938;2938;2950;2913;39.57M;0.00%
07/15/2021;2938;2863;2950;2838;94.44M;3.07%
07/14/2021;2850;2900;2913;2825;59.23M;-1.30%
07/13/2021;2888;2925;2950;2888;65.12M;-0.43%
07/12/2021;2900;2938;2938;2888;39.69M;0.43%
07/09/2021;2888;2950;2950;2888;50.82M;-2.12%
07/08/2021;2950;2925;2950;2875;81.46M;2.61%
07/07/2021;2875;2888;2913;2838;96.69M;-0.43%
07/06/2021;2888;2950;2950;2875;56.07M;-1.28%
07/05/2021;2925;2988;2988;2900;29.24M;-1.68%
07/02/2021;2975;2988;3013;2963;80.42M;-0.42%
07/01/2021;2988;2975;3000;2950;87.39M;1.27%
06/30/2021;2950;2925;2975;2900;146.56M;2.16%
06/29/2021;2888;2925;2925;2850;96.97M;1.32%
06/28/2021;2850;2913;2950;2838;127.11M;-3.39%
06/25/2021;2950;3000;3013;2950;61.05M;-1.26%
06/24/2021;2988;3050;3050;2988;52.25M;-0.83%
06/23/2021;3013;3113;3113;3013;66.07M;-2.43%
06/22/2021;3088;3038;3125;3013;96.68M;2.49%
06/21/2021;3013;3050;3050;2975;138.95M;-2.82%
06/18/2021;3100;3088;3100;2975;201.34M;0.00%
06/17/2021;3100;3125;3138;3100;146.52M;-1.20%
06/16/2021;3138;3163;3175;3100;90.05M;-0.79%
06/15/2021;3163;3150;3163;3113;107.19M;0.80%
06/14/2021;3138;3150;3150;3113;50.04M;0.00%
06/11/2021;3138;3138;3150;3113;77.76M;1.21%
06/10/2021;3100;3088;3125;3063;43.54M;0.81%
06/09/2021;3075;3038;3088;3000;47.08M;2.50%
06/08/2021;3000;3075;3075;3000;57.08M;-2.04%
06/07/2021;3063;3100;3100;3038;42.51M;0.00%
06/04/2021;3063;3125;3163;3063;76.31M;-2.00%
06/03/2021;3125;3088;3138;3063;86.43M;2.46%
06/02/2021;3050;3075;3100;3038;157.34M;1.67%
05/31/2021;3000;2938;3050;2913;96.66M;3.45%
05/28/2021;2900;2913;2950;2888;78.31M;0.87%
05/27/2021;2875;3000;3000;2875;353.89M;-2.54%
05/25/2021;2950;2888;2975;2888;90.59M;2.61%
05/24/2021;2875;2938;2938;2875;54.90M;-1.29%
05/21/2021;2913;2863;2950;2838;140.45M;3.10%
05/20/2021;2825;2825;2875;2800;69.61M;-0.44%
05/19/2021;2838;2900;2925;2813;98.44M;-3.81%
05/18/2021;2950;2988;3000;2913;73.97M;-0.42%
05/17/2021;2963;2988;3000;2938;95.10M;0.42%
05/11/2021;2950;3000;3000;2925;69.38M;-1.26%
05/10/2021;2988;3013;3013;2975;35.48M;0.42%
05/07/2021;2975;3063;3063;2975;65.33M;-2.06%
05/06/2021;3038;3063;3063;3013;37.09M;0.41%
05/05/2021;3025;3075;3075;3025;45.85M;-0.82%
05/04/2021;3050;3025;3050;2988;56.36M;0.83%
05/03/2021;3025;3050;3075;3000;65.33M;-2.02%
04/30/2021;3088;3113;3125;3063;69.94M;-0.80%
04/29/2021;3113;3113;3138;3075;82.87M;0.40%
04/28/2021;3100;3050;3138;3050;161.16M;2.48%
04/27/2021;3025;2988;3038;2975;96.85M;1.26%
04/26/2021;2988;3050;3063;2975;115.31M;-2.85%
04/23/2021;3075;3025;3075;3013;104.93M;0.41%
04/22/2021;3063;3088;3113;3050;71.45M;0.00%
04/21/2021;3063;3075;3088;3063;65.43M;-1.21%
04/20/2021;3100;3100;3125;3088;63.88M;-0.40%
04/19/2021;3113;3125;3138;3100;43.60M;-1.19%
04/16/2021;3150;3175;3175;3125;63.19M;0.00%
04/15/2021;3150;3200;3200;3113;68.34M;-0.40%
04/14/2021;3163;3175;3200;3125;80.91M;0.40%
04/13/2021;3150;3100;3175;3100;76.33M;0.00%
04/12/2021;3150;3213;3250;3138;48.43M;-2.70%
04/09/2021;3238;3188;3275;3163;126.42M;3.19%
04/08/2021;3138;3125;3188;3100;88.45M;-0.79%
04/07/2021;3163;3150;3163;3125;46.42M;0.80%
04/06/2021;3138;3113;3150;3075;29.65M;0.80%
04/05/2021;3113;3150;3150;3100;39.47M;0.40%
04/01/2021;3100;3125;3163;3075;77.72M;0.81%
03/31/2021;3075;3125;3163;3063;159.16M;-2.77%
03/30/2021;3163;3200;3213;3138;41.18M;-0.78%
03/29/2021;3188;3200;3250;3188;79.52M;-0.78%
03/26/2021;3213;3225;3238;3175;84.48M;0.39%
03/25/2021;3200;3225;3238;3163;71.67M;-0.39%
03/24/2021;3213;3250;3263;3200;115.25M;-3.75%
03/23/2021;3338;3375;3375;3313;97.29M;0.75%
03/22/2021;3313;3375;3413;3313;115.98M;-2.21%
03/19/2021;3388;3400;3400;3350;150.71M;-0.37%
03/18/2021;3400;3313;3425;3313;152.43M;4.21%
03/17/2021;3263;3300;3325;3263;50.84M;-0.38%
03/16/2021;3275;3325;3363;3250;112.25M;-1.50%
03/15/2021;3325;3388;3388;3313;79.92M;-1.12%
03/12/2021;3363;3275;3375;3275;159.20M;3.46%
03/10/2021;3250;3250;3250;3225;51.90M;1.17%
03/09/2021;3213;3188;3263;3188;111.84M;-50.00%
03/08/2021;6425;6550;6575;6375;27.05M;-0.77%
03/05/2021;6475;6525;6575;6450;43.62M;-1.15%
03/04/2021;6550;6625;6650;6525;60.31M;-0.76%
03/03/2021;6600;6675;6675;6525;39.27M;0.00%
03/02/2021;6600;6650;6650;6500;81.65M;0.38%
03/01/2021;6575;6225;6600;6225;110.39M;6.91%
02/26/2021;6150;6175;6325;6100;123.10M;-1.99%
02/25/2021;6275;6425;6475;6275;66.81M;-1.57%
02/24/2021;6375;6350;6400;6325;41.25M;0.79%
02/23/2021;6325;6300;6375;6300;44.55M;-0.78%
02/22/2021;6375;6450;6500;6375;53.84M;0.00%
02/19/2021;6375;6250;6400;6200;51.01M;2.00%
02/18/2021;6250;6250;6400;6225;56.99M;-1.57%
02/17/2021;6350;6450;6475;6300;58.71M;-1.93%
02/16/2021;6475;6500;6550;6450;31.60M;-0.38%
02/15/2021;6500;6550;6575;6500;24.50M;0.00%
02/11/2021;6500;6550;6550;6500;17.94M;0.00%
02/10/2021;6500;6575;6575;6475;51.35M;0.00%
02/09/2021;6500;6600;6700;6450;104.19M;-1.14%
02/08/2021;6575;6600;6675;6550;62.53M;0.38%
02/05/2021;6550;6700;6700;6450;48.60M;-0.38%
02/04/2021;6575;6575;6675;6450;69.52M;1.15%
02/03/2021;6500;6600;6650;6450;83.52M;0.39%
02/02/2021;6475;6800;6800;6400;80.24M;-3.36%
02/01/2021;6700;6650;6725;6200;121.27M;1.90%
01/29/2021;6575;7100;7225;6575;167.11M;-6.74%
01/28/2021;7050;7150;7250;6900;67.87M;-3.42%
01/27/2021;7300;7400;7400;7175;85.79M;-1.02%
01/26/2021;7375;7300;7450;7250;103.36M;1.03%
01/25/2021;7300;7250;7300;7025;50.32M;1.39%
01/22/2021;7200;7275;7350;7125;58.68M;-0.69%
01/21/2021;7250;7375;7375;7200;41.03M;-1.69%
01/20/2021;7375;7000;7450;7000;110.47M;5.73%
01/19/2021;6975;7000;7025;6850;38.92M;0.72%
01/18/2021;6925;6600;6950;6600;59.50M;2.97%
01/15/2021;6725;6875;6925;6625;38.62M;-1.82%
01/14/2021;6850;7050;7050;6825;35.15M;-1.08%
01/13/2021;6925;7050;7075;6925;53.70M;-0.36%
01/12/2021;6950;6900;7000;6825;84.31M;1.46%
01/11/2021;6850;6575;6850;6550;106.38M;4.58%
01/08/2021;6550;6475;6575;6450;46.82M;1.16%
01/07/2021;6475;6450;6525;6425;40.06M;0.78%
01/06/2021;6425;6425;6525;6275;43.55M;0.00%
01/05/2021;6425;6550;6550;6400;34.96M;-1.15%
01/04/2021;6500;6350;6525;6225;30.53M;2.77%
12/30/2020;6325;6525;6525;6325;44.47M;-1.56%
12/29/2020;6425;6575;6600;6400;28.71M;-1.53%
12/28/2020;6525;6500;6575;6300;37.76M;2.76%
12/23/2020;6350;6500;6600;6200;55.02M;-0.78%
12/22/2020;6400;6575;6625;6350;82.96M;-4.48%
12/21/2020;6700;6775;6800;6675;41.59M;0.00%
12/18/2020;6700;6800;6825;6700;71.40M;-2.55%
12/17/2020;6875;6775;6875;6775;54.98M;1.48%
12/16/2020;6775;6800;6825;6725;48.68M;1.12%
12/15/2020;6700;6700;6725;6600;67.83M;-0.37%
12/14/2020;6725;6725;6800;6675;47.32M;-0.74%
12/11/2020;6775;6850;6875;6700;47.27M;-0.37%
12/10/2020;6800;6775;6850;6725;93.92M;1.87%
12/08/2020;6675;6675;6725;6600;35.18M;-0.37%
12/07/2020;6700;6675;6750;6625;66.79M;1.52%
12/04/2020;6600;6500;6600;6425;37.49M;0.38%
12/03/2020;6575;6650;6675;6525;77.67M;-1.13%
12/02/2020;6650;6525;6650;6475;57.36M;1.92%
12/01/2020;6525;6325;6625;6325;88.28M;3.16%
11/30/2020;6325;6550;6625;6225;153.95M;-4.89%
11/27/2020;6650;6775;6800;6625;62.17M;-1.12%
11/26/2020;6725;6600;6725;6550;66.14M;3.07%
11/25/2020;6525;6500;6650;6500;98.85M;1.56%
11/24/2020;6425;6450;6500;6375;70.46M;0.39%
11/23/2020;6400;6300;6425;6275;53.45M;1.59%
11/20/2020;6300;6275;6350;6250;50.29M;-0.40%
11/19/2020;6325;6250;6350;6200;47.40M;-0.39%
11/18/2020;6350;6150;6350;6150;62.47M;1.60%
11/17/2020;6250;6275;6375;6200;53.13M;0.81%
11/16/2020;6200;6300;6450;6150;66.96M;-0.80%
11/13/2020;6250;6100;6250;6075;61.02M;1.21%
11/12/2020;6175;6375;6400;6100;68.08M;-3.14%
11/11/2020;6375;6425;6500;6350;83.25M;0.00%
11/10/2020;6375;6400;6525;6300;124.79M;3.66%
11/09/2020;6150;6250;6300;6050;61.33M;1.65%
11/06/2020;6050;5975;6100;5925;82.11M;1.26%
11/05/2020;5975;5875;6000;5825;87.94M;4.82%
11/04/2020;5700;5950;6025;5700;76.41M;-5.00%
11/03/2020;6000;5975;6000;5900;37.98M;0.42%
11/02/2020;5975;5675;6025;5600;108.43M;3.46%
10/27/2020;5775;5750;5850;5700;56.35M;0.00%
10/26/2020;5775;5625;5850;5625;94.29M;4.05%
10/23/2020;5550;5525;5575;5475;32.95M;1.83%
10/22/2020;5450;5500;5550;5400;69.35M;-1.36%
10/21/2020;5525;5675;5725;5475;56.95M;-2.21%
10/20/2020;5650;5725;5750;5600;38.61M;-0.88%
10/19/2020;5700;5600;5725;5575;29.47M;2.24%
10/16/2020;5575;5600;5650;5450;33.91M;-0.45%
10/15/2020;5600;5700;5750;5600;38.64M;-3.03%
10/14/2020;5775;5725;5775;5625;54.89M;1.76%
10/13/2020;5675;5625;5675;5525;34.93M;0.89%
10/12/2020;5625;5575;5650;5550;38.97M;1.35%
10/09/2020;5550;5450;5575;5450;45.12M;1.83%
10/08/2020;5450;5550;5575;5425;44.38M;-1.80%
10/07/2020;5550;5400;5550;5375;44.37M;0.91%
10/06/2020;5500;5500;5550;5450;44.55M;2.80%
10/05/2020;5350;5250;5375;5175;37.15M;2.88%
10/02/2020;5200;5175;5225;5000;49.57M;0.00%
10/01/2020;5200;5000;5200;4980;39.48M;4.84%
09/30/2020;4960;5100;5150;4860;75.76M;-2.27%
09/29/2020;5075;5200;5250;5025;55.66M;-1.46%
09/28/2020;5150;5400;5425;5150;49.85M;-3.74%
09/25/2020;5350;5200;5350;5075;70.23M;5.42%
09/24/2020;5075;5050;5150;5000;60.98M;-2.40%
09/23/2020;5200;5300;5375;5125;42.36M;-1.89%
09/22/2020;5300;5300;5425;5275;56.80M;-3.20%
09/21/2020;5475;5575;5625;5400;26.47M;-1.79%
09/18/2020;5575;5575;5675;5500;45.80M;0.00%
09/17/2020;5575;5600;5750;5525;38.22M;-1.33%
09/16/2020;5650;5750;5750;5625;28.97M;-0.44%
09/15/2020;5675;5750;5825;5600;64.46M;-1.30%
09/14/2020;5750;5475;5775;5475;71.78M;5.02%
09/11/2020;5475;5050;5525;5050;135.58M;1.86%
09/10/2020;5375;5525;5525;5375;86.39M;-6.93%
09/09/2020;5775;5900;5900;5750;49.14M;-3.35%
09/08/2020;5975;5900;6000;5875;30.17M;2.14%
09/07/2020;5850;5925;5950;5775;50.34M;-1.27%
09/04/2020;5925;5950;5975;5850;53.42M;-0.84%
09/03/2020;5975;6075;6150;5950;64.51M;-1.65%
09/02/2020;6075;6125;6200;6050;46.60M;-0.82%
09/01/2020;6125;5975;6125;5875;42.67M;2.94%
08/31/2020;5950;6225;6300;5900;111.41M;-4.42%
08/28/2020;6225;6275;6350;6200;37.83M;-1.19%
08/27/2020;6300;6350;6350;6200;46.73M;-0.79%
08/26/2020;6350;6250;6350;6175;39.35M;1.60%
08/25/2020;6250;6050;6275;6050;66.18M;4.17%
08/24/2020;6000;6050;6175;5925;66.24M;-1.64%
08/19/2020;6100;6175;6250;6075;32.26M;-0.81%
08/18/2020;6150;6025;6225;6025;57.99M;2.07%
08/14/2020;6025;6075;6100;5950;33.33M;-0.41%
08/13/2020;6050;6250;6250;6050;42.99M;-1.63%
08/12/2020;6150;6000;6275;5950;46.46M;2.93%
08/11/2020;5975;5825;6100;5800;58.99M;3.02%
08/10/2020;5800;5800;5825;5650;25.08M;0.00%
08/07/2020;5800;5700;5800;5625;28.61M;0.43%
08/06/2020;5775;5700;5875;5700;45.46M;1.32%
08/05/2020;5700;5550;5700;5450;66.92M;2.24%
08/04/2020;5575;5525;5600;5450;44.59M;1.36%
08/03/2020;5500;5850;5875;5450;129.86M;-5.17%
07/30/2020;5800;5725;5800;5625;26.32M;1.75%
07/29/2020;5700;5850;5850;5675;34.87M;-2.56%
07/28/2020;5850;5900;6000;5775;37.26M;-0.43%
07/27/2020;5875;5625;5875;5550;29.42M;4.91%
07/24/2020;5600;5700;5700;5550;33.30M;-1.75%
07/23/2020;5700;5475;5775;5425;72.91M;5.07%
07/22/2020;5425;5375;5525;5300;59.62M;2.36%
07/21/2020;5300;5150;5450;5075;72.53M;3.92%
07/20/2020;5100;5175;5225;5050;26.06M;-1.45%
07/17/2020;5175;5275;5300;5175;30.09M;-1.90%
07/16/2020;5275;5275;5350;5250;21.93M;0.00%
07/15/2020;5275;5350;5425;5250;30.38M;-0.47%
07/14/2020;5300;5300;5325;5200;39.13M;0.95%
07/13/2020;5250;5250;5325;5225;36.34M;1.45%
07/10/2020;5175;5250;5275;5125;38.93M;-1.43%
07/09/2020;5250;5350;5400;5200;49.14M;-0.47%
07/08/2020;5275;5050;5350;5025;74.73M;4.46%
07/07/2020;5050;5125;5150;5050;40.22M;-0.49%
07/06/2020;5075;5000;5150;5000;45.01M;1.50%
07/03/2020;5000;4960;5075;4900;28.92M;0.00%
07/02/2020;5000;4980;5025;4960;40.30M;0.20%
07/01/2020;4990;5000;5025;4910;33.87M;0.81%
06/30/2020;4950;5025;5050;4950;57.00M;0.20%
06/29/2020;4940;4980;5000;4870;49.56M;-1.20%
06/26/2020;5000;5125;5150;4980;42.91M;-0.50%
06/25/2020;5025;5075;5200;4940;73.06M;-2.43%
06/24/2020;5150;4890;5200;4890;139.21M;7.52%
06/23/2020;4790;4850;4850;4690;47.51M;-0.42%
06/22/2020;4810;4880;4910;4800;33.41M;-1.43%
06/19/2020;4880;4880;4950;4820;63.18M;1.24%
06/18/2020;4820;4840;4970;4780;76.09M;-1.63%
06/17/2020;4900;5100;5200;4890;106.97M;-2.49%
06/16/2020;5025;4820;5050;4820;73.06M;6.46%
06/15/2020;4720;4850;4910;4690;84.91M;-3.48%
06/12/2020;4890;4590;4900;4430;144.98M;4.26%
06/11/2020;4690;4800;4870;4570;182.39M;-4.48%
06/10/2020;4910;5200;5225;4910;144.82M;-6.92%
06/09/2020;5275;5300;5450;5150;73.71M;0.48%
06/08/2020;5250;5000;5325;4950;146.30M;8.25%
06/05/2020;4850;4730;4870;4600;92.70M;2.54%
06/04/2020;4730;4900;5000;4720;84.92M;-2.67%
06/03/2020;4860;4670;4950;4590;148.30M;5.19%
06/02/2020;4620;4550;4990;4530;103.82M;3.36%
05/29/2020;4470;4290;4490;4250;175.27M;4.20%
05/28/2020;4290;4150;4340;4150;132.73M;4.38%
05/27/2020;4110;4150;4200;4010;62.16M;0.24%
05/26/2020;4100;4130;4160;4060;90.27M;0.74%
05/20/2020;4070;3850;4120;3830;118.82M;5.44%
05/19/2020;3860;3760;4000;3760;99.83M;3.76%
05/18/2020;3720;3800;3800;3660;79.36M;-1.06%
05/15/2020;3760;3950;3990;3680;113.62M;-4.81%
05/14/2020;3950;3970;4010;3900;70.69M;-1.50%
05/13/2020;4010;3990;4050;3900;67.41M;0.00%
05/12/2020;4010;4230;4230;4000;94.29M;-5.20%
05/11/2020;4230;4280;4280;4190;41.78M;0.71%
05/08/2020;4200;4200;4310;4180;63.74M;0.96%
05/06/2020;4160;4250;4260;4160;69.37M;-1.42%
05/05/2020;4220;4300;4400;4160;92.64M;-1.63%
05/04/2020;4290;4460;4460;4240;40.29M;-3.81%
04/30/2020;4460;4070;4480;4060;114.75M;11.50%
04/29/2020;4000;4200;4220;4000;96.33M;-3.61%
04/28/2020;4150;4190;4240;4070;78.69M;0.00%
04/27/2020;4150;4310;4350;4090;102.69M;-3.04%
04/24/2020;4280;4500;4500;4280;65.82M;-4.89%
04/23/2020;4500;4490;4570;4480;57.67M;0.22%
04/22/2020;4490;4330;4500;4250;63.39M;3.22%
04/21/2020;4350;4370;4410;4250;46.10M;-0.46%
04/20/2020;4370;4450;4530;4270;60.34M;-0.23%
04/17/2020;4380;4220;4420;4220;81.70M;4.04%
04/16/2020;4210;4400;4400;4150;107.61M;-4.32%
04/15/2020;4400;4640;4690;4400;62.33M;-3.72%
04/14/2020;4570;4480;4640;4400;66.42M;2.24%
04/13/2020;4470;4680;4680;4470;57.67M;-4.28%
04/09/2020;4670;4800;4900;4610;81.79M;-2.10%
04/08/2020;4770;5175;5175;4770;77.92M;-6.93%
04/07/2020;5125;5400;5600;4970;95.73M;-1.44%
04/06/2020;5200;5025;5225;4900;56.99M;3.48%
04/03/2020;5025;4800;5025;4800;52.61M;5.79%
04/02/2020;4750;4570;4750;4360;66.11M;3.04%
04/01/2020;4610;4650;4880;4440;76.18M;-1.50%
03/31/2020;4680;4650;4820;4450;104.02M;1.74%
03/30/2020;4600;4840;4840;4600;19.88M;-6.88%
03/27/2020;4940;4510;5225;4500;198.41M;10.51%
03/26/2020;4470;3800;4580;3780;193.28M;15.80%
03/24/2020;3860;4150;4230;3860;118.65M;-6.99%
03/23/2020;4150;4350;4350;4150;29.99M;-6.95%
03/20/2020;4460;4740;4740;4460;239.12M;-6.89%
03/19/2020;4790;5000;5000;4790;83.94M;-6.99%
03/18/2020;5150;5600;5650;5150;107.55M;-6.79%
03/17/2020;5525;5925;5925;5525;93.19M;-6.75%
03/16/2020;5925;6200;6200;5925;61.13M;-6.69%
03/13/2020;6350;6200;6475;6000;119.31M;-1.17%
03/12/2020;6425;6475;6675;6225;45.79M;-5.86%
03/11/2020;6825;6925;7050;6625;48.58M;-0.73%
03/10/2020;6875;6650;7000;6650;57.03M;4.56%
03/09/2020;6575;7000;7000;6575;56.57M;-9.31%
03/06/2020;7250;7400;7400;7225;36.16M;-4.61%
03/05/2020;7600;7550;7650;7500;52.37M;1.67%
03/04/2020;7475;7250;7500;7225;46.28M;3.82%
03/03/2020;7200;7100;7350;7025;48.22M;3.60%
03/02/2020;6950;7150;7250;6950;50.78M;-4.47%
02/28/2020;7275;6750;7275;6550;94.43M;-1.02%
02/27/2020;7350;7650;7700;7250;111.54M;-3.92%
02/26/2020;7650;7750;7750;7650;99.09M;-1.92%
02/25/2020;7800;7775;7900;7700;52.98M;0.32%
02/24/2020;7775;7800;7825;7650;64.38M;-1.58%
02/21/2020;7900;7950;8000;7825;45.90M;-1.25%
02/20/2020;8000;8025;8050;7925;57.27M;0.63%
02/19/2020;7950;7850;7950;7800;60.81M;1.60%
02/18/2020;7825;7800;7850;7800;32.72M;-0.32%
02/17/2020;7850;7850;7875;7800;14.91M;0.32%
02/14/2020;7825;7750;7850;7750;20.67M;-0.32%
02/13/2020;7850;7825;7950;7800;43.95M;0.64%
02/12/2020;7800;7825;7900;7775;52.34M;0.32%
02/11/2020;7775;7725;7825;7675;49.26M;0.65%
02/10/2020;7725;7700;7750;7600;39.28M;0.00%
02/07/2020;7725;7675;7750;7675;43.22M;0.32%
02/06/2020;7700;7800;7850;7675;55.51M;0.00%
02/05/2020;7700;7600;7700;7550;65.11M;2.33%
02/04/2020;7525;7600;7675;7500;69.43M;0.33%
02/03/2020;7500;7400;7575;7350;43.64M;-0.66%
01/31/2020;7550;7675;7700;7450;78.83M;-1.31%
01/30/2020;7650;7800;7825;7600;42.70M;-1.92%
01/29/2020;7800;7825;7925;7775;54.83M;0.65%
01/28/2020;7750;7650;7825;7600;34.67M;0.32%
01/27/2020;7725;7950;7975;7700;49.14M;-2.52%
01/24/2020;7925;7825;8000;7725;77.35M;1.93%
01/23/2020;7775;7800;7825;7700;41.56M;-0.32%
01/22/2020;7800;7750;7850;7725;61.09M;1.30%
01/21/2020;7700;7750;7750;7625;19.58M;0.98%
01/20/2020;7625;7800;7800;7600;12.02M;-1.29%
01/17/2020;7725;7575;7750;7525;65.25M;2.32%
01/16/2020;7550;7600;7675;7525;72.72M;-1.31%
01/15/2020;7650;7750;7800;7600;44.90M;-1.29%
01/14/2020;7750;7800;7800;7700;52.07M;0.32%
01/13/2020;7725;7725;7750;7650;37.70M;0.00%
01/10/2020;7725;7700;7725;7650;32.12M;0.32%
01/09/2020;7700;7550;7725;7525;37.79M;2.67%
01/08/2020;7500;7550;7550;7375;52.54M;-1.32%
01/07/2020;7600;7725;7725;7575;35.45M;0.00%
01/06/2020;7600;7650;7675;7525;30.95M;-1.62%
01/03/2020;7725;7750;7825;7625;35.15M;-0.32%
01/02/2020;7750;7675;7775;7650;18.69M;0.98%
12/30/2019;7675;7725;7800;7650;39.00M;-0.97%
12/27/2019;7750;7825;7825;7725;29.09M;-0.64%
12/26/2019;7800;7775;7825;7750;70.47M;0.97%
12/23/2019;7725;7800;7800;7675;65.62M;0.32%
12/20/2019;7700;7550;7700;7550;75.24M;1.32%
12/19/2019;7600;7525;7600;7475;56.45M;1.00%
12/18/2019;7525;7350;7550;7325;61.64M;2.38%
12/17/2019;7350;7350;7400;7325;50.40M;0.00%
12/16/2019;7350;7350;7425;7350;48.02M;-0.34%
12/13/2019;7375;7400;7450;7350;63.74M;1.03%
12/12/2019;7300;7325;7450;7275;39.87M;-0.68%
12/11/2019;7350;7350;7400;7325;34.23M;-0.34%
12/10/2019;7375;7200;7400;7200;66.12M;1.72%
12/09/2019;7250;7200;7300;7200;36.05M;1.05%
12/06/2019;7175;7200;7225;7125;26.86M;0.00%
12/05/2019;7175;7100;7200;7075;37.11M;1.41%
12/04/2019;7075;7075;7150;7050;32.90M;-1.39%
12/03/2019;7175;7050;7175;7025;39.52M;1.06%
12/02/2019;7100;6975;7150;6925;37.28M;1.79%
11/29/2019;6975;6775;7000;6775;26.63M;2.95%
11/28/2019;6775;6850;6900;6775;28.14M;-1.81%
11/27/2019;6900;6825;6975;6800;36.46M;-0.36%
11/26/2019;6925;7000;7050;6900;86.77M;-0.72%
11/25/2019;6975;7000;7050;6925;23.84M;-1.41%
11/22/2019;7075;7100;7175;7050;20.23M;-1.39%
11/21/2019;7175;7000;7200;6950;30.47M;1.06%
11/20/2019;7100;7150;7200;7050;23.36M;-0.70%
11/19/2019;7150;7025;7150;6950;33.50M;2.51%
11/18/2019;6975;6950;7025;6875;30.64M;0.36%
11/15/2019;6950;6925;7025;6925;23.51M;1.09%
11/14/2019;6875;6875;6900;6700;33.35M;0.00%
11/13/2019;6875;7000;7000;6775;37.57M;-2.14%
11/12/2019;7025;7000;7100;6925;26.45M;-0.35%
11/11/2019;7050;7075;7100;6975;22.61M;-0.70%
11/08/2019;7100;6975;7150;6850;38.18M;1.43%
11/07/2019;7000;7025;7025;6775;39.38M;0.36%
11/06/2019;6975;7175;7200;6825;56.59M;-3.13%
11/05/2019;7200;6950;7200;6925;47.13M;4.73%
11/04/2019;6875;7000;7025;6875;28.29M;-1.43%
11/01/2019;6975;7025;7025;6925;12.18M;-0.71%
10/31/2019;7025;7050;7050;6900;39.08M;0.00%
10/30/2019;7025;7075;7075;6975;23.83M;-1.06%
10/29/2019;7100;7100;7150;7000;45.87M;1.43%
10/28/2019;7000;7000;7075;6925;23.19M;0.00%
10/25/2019;7000;7275;7275;6975;52.87M;-3.11%
10/24/2019;7225;7125;7250;7075;66.40M;2.12%
10/23/2019;7075;6825;7100;6750;49.22M;3.66%
10/22/2019;6825;6850;6850;6750;31.03M;0.37%
10/21/2019;6800;6800;6825;6700;41.81M;0.37%
10/18/2019;6775;6675;6875;6650;58.77M;1.12%
10/17/2019;6700;6625;6700;6625;75.02M;1.13%
10/16/2019;6625;6600;6650;6550;59.49M;0.76%
10/15/2019;6575;6550;6600;6500;47.07M;-0.38%
10/14/2019;6600;6625;6675;6500;32.64M;0.76%
10/11/2019;6550;6500;6650;6475;48.41M;0.38%
10/10/2019;6525;6425;6600;6425;60.13M;1.56%
10/09/2019;6425;6450;6475;6400;27.57M;-1.15%
10/08/2019;6500;6350;6500;6350;52.50M;2.36%
10/07/2019;6350;6475;6475;6325;18.33M;-0.78%
10/04/2019;6400;6450;6525;6325;34.56M;0.00%
10/03/2019;6400;6525;6525;6275;73.39M;-1.92%
10/02/2019;6525;6875;6950;6500;64.79M;-5.43%
10/01/2019;6900;6900;7050;6900;15.62M;-1.08%
09/30/2019;6975;6900;6975;6900;29.15M;0.00%
09/27/2019;6975;7000;7050;6950;22.16M;-1.76%
09/26/2019;7100;7000;7100;6950;22.74M;2.90%
09/25/2019;6900;6975;7000;6875;18.78M;-0.72%
09/24/2019;6950;6925;6975;6850;26.06M;-0.71%
09/23/2019;7000;7050;7100;6950;24.51M;-1.06%
09/20/2019;7075;7100;7150;6975;52.37M;-0.35%
09/19/2019;7100;7175;7175;7075;17.97M;-1.39%
09/18/2019;7200;7075;7200;7050;26.85M;3.23%
09/17/2019;6975;6925;7100;6925;35.50M;-0.36%
09/16/2019;7000;7050;7100;6925;33.31M;-2.78%
09/13/2019;7200;7225;7250;7125;14.35M;0.70%
09/12/2019;7150;7250;7325;7100;42.28M;0.00%
09/11/2019;7150;7000;7150;6950;40.39M;1.42%
09/10/2019;7050;6900;7050;6900;26.04M;1.08%
09/09/2019;6975;7075;7075;6925;27.92M;-1.06%
09/06/2019;7050;7025;7150;6975;44.32M;1.08%
09/05/2019;6975;7000;7025;6925;39.32M;0.72%
09/04/2019;6925;6975;6975;6850;37.22M;0.36%
09/03/2019;6900;7175;7200;6825;48.50M;-3.83%
09/02/2019;7175;7225;7225;7125;18.81M;-1.03%
08/30/2019;7250;7125;7250;7075;53.19M;2.47%
08/29/2019;7075;7050;7100;7025;31.87M;0.35%
08/28/2019;7050;7025;7100;6950;48.04M;0.36%
08/27/2019;7025;7050;7125;7025;76.60M;-0.35%
08/26/2019;7050;7100;7100;7000;39.31M;-1.74%
08/23/2019;7175;7250;7250;7150;22.27M;-0.69%
08/22/2019;7225;7300;7325;7150;38.83M;0.00%
08/21/2019;7225;7325;7350;7225;24.92M;-2.03%
08/20/2019;7375;7425;7450;7300;37.70M;0.34%
08/19/2019;7350;7450;7450;7325;19.28M;-0.34%
08/16/2019;7375;7400;7425;7325;23.85M;-0.34%
08/15/2019;7400;7350;7400;7300;28.73M;-1.33%
08/14/2019;7500;7500;7525;7350;53.81M;2.04%
08/13/2019;7350;7550;7550;7300;34.03M;-0.68%
08/12/2019;7400;7500;7500;7350;34.63M;-0.67%
08/09/2019;7450;7500;7550;7450;19.51M;-0.67%
08/08/2019;7500;7450;7525;7350;42.86M;2.04%
08/07/2019;7350;7275;7400;7275;51.97M;1.38%
08/06/2019;7250;7300;7400;7100;78.57M;-2.36%
08/05/2019;7425;7600;7650;7325;64.93M;-3.26%
08/02/2019;7675;7700;7750;7600;51.86M;-1.29%
08/01/2019;7775;7875;7900;7725;48.37M;-2.51%
07/31/2019;7975;7875;7975;7800;29.50M;0.31%
07/30/2019;7950;7800;7975;7725;43.54M;1.92%
07/29/2019;7800;7825;7825;7675;27.60M;0.65%
07/26/2019;7750;7650;7775;7625;31.36M;-0.64%
07/25/2019;7800;7725;7800;7700;38.73M;1.30%
07/24/2019;7700;7700;7825;7700;32.78M;0.00%
07/23/2019;7700;7825;7850;7700;37.49M;-0.96%
07/22/2019;7775;7800;7825;7750;41.43M;-1.27%
07/19/2019;7875;7800;7900;7800;52.27M;0.32%
07/18/2019;7850;7900;7950;7825;71.13M;-1.57%
07/17/2019;7975;8000;8050;7950;64.12M;-1.24%
07/16/2019;8075;8075;8125;7975;73.31M;-0.92%
07/15/2019;8150;8150;8175;8100;44.72M;0.93%
07/12/2019;8075;8050;8125;8025;36.74M;0.94%
07/11/2019;8000;8025;8050;7975;35.12M;0.63%
07/10/2019;7950;7950;8000;7925;50.48M;0.63%
07/09/2019;7900;7825;7925;7800;44.30M;0.32%
07/08/2019;7875;7750;7875;7725;52.95M;0.64%
07/05/2019;7825;7925;8025;7725;93.38M;-2.49%
07/04/2019;8025;8050;8050;8000;15.79M;0.00%
07/03/2019;8025;7950;8025;7950;46.97M;0.00%
07/02/2019;8025;8050;8050;7975;32.44M;0.31%
07/01/2019;8000;8050;8075;7975;30.73M;-0.31%
06/28/2019;8025;8025;8050;7975;30.94M;0.31%
06/27/2019;8000;7975;8050;7975;31.58M;0.63%
06/26/2019;7950;7850;8000;7850;36.06M;0.00%
06/25/2019;7950;8025;8025;7925;29.65M;-0.31%
06/24/2019;7975;7900;8025;7900;35.13M;0.00%
06/21/2019;7975;8000;8025;7900;72.96M;0.31%
06/20/2019;7950;8000;8050;7925;46.79M;-0.31%
06/19/2019;7975;7900;8000;7875;78.31M;1.59%
06/18/2019;7850;7775;7875;7775;52.05M;0.64%
06/17/2019;7800;7900;7900;7800;23.63M;-0.32%
06/14/2019;7825;7875;7875;7800;30.84M;0.00%
06/13/2019;7825;7875;7900;7700;31.74M;-0.63%
06/12/2019;7875;7900;7900;7800;34.67M;0.00%
06/11/2019;7875;7875;7900;7800;53.57M;0.32%
06/10/2019;7850;7850;7950;7825;104.02M;2.28%
05/31/2019;7675;7600;7775;7550;86.73M;1.66%
05/29/2019;7550;7450;7550;7400;44.70M;2.37%
05/28/2019;7375;7700;7700;7350;149.39M;-4.53%
05/27/2019;7725;7600;7725;7525;72.31M;0.32%
05/24/2019;7700;7600;7775;7575;49.58M;1.65%
05/23/2019;7575;7350;7600;7325;32.83M;3.77%
05/22/2019;7300;7325;7400;7225;44.13M;0.69%
05/21/2019;7250;7275;7350;7075;64.44M;0.35%
05/20/2019;7225;7000;7275;6975;46.72M;2.12%
05/17/2019;7075;7500;7500;7075;29.86M;-3.74%
05/16/2019;7350;7350;7450;7250;43.24M;-1.01%
05/15/2019;7425;7525;7600;7425;56.49M;-0.34%
05/14/2019;7450;7450;7525;7400;42.99M;-1.00%
05/13/2019;7525;7575;7650;7500;41.67M;0.67%
05/10/2019;7475;7550;7575;7375;32.50M;-0.33%
05/09/2019;7500;7450;7575;7450;45.47M;-0.33%
05/08/2019;7525;7500;7575;7450;39.96M;-1.63%
05/07/2019;7650;7675;7675;7550;34.43M;1.66%
05/06/2019;7525;7500;7575;7325;50.48M;-1.63%
05/03/2019;7650;7700;7700;7575;30.07M;-0.65%
05/02/2019;7700;7700;7725;7625;34.47M;-0.32%
04/30/2019;7725;7825;7875;7725;51.62M;-0.64%
04/29/2019;7775;7700;7800;7675;56.39M;0.65%
04/26/2019;7725;7550;7800;7475;75.35M;0.98%
04/25/2019;7650;7650;7675;7550;55.59M;-0.33%
04/24/2019;7675;7700;7725;7625;27.70M;0.00%
04/23/2019;7675;7700;7775;7675;32.69M;-0.97%
04/22/2019;7750;7800;7875;7650;34.99M;-0.64%
04/18/2019;7800;7800;8125;7775;121.67M;2.30%
04/16/2019;7625;7375;7625;7350;71.53M;3.74%
04/15/2019;7350;7400;7450;7325;24.13M;0.34%
04/12/2019;7325;7350;7400;7300;42.44M;-1.01%
04/11/2019;7400;7575;7600;7400;46.18M;-2.63%
04/10/2019;7600;7650;7675;7525;21.16M;-0.65%
04/09/2019;7650;7575;7725;7550;41.98M;0.99%
04/08/2019;7575;7600;7600;7375;37.58M;0.33%
04/05/2019;7550;7675;7675;7525;27.34M;-1.63%
04/04/2019;7675;7500;7700;7500;72.90M;3.02%
04/02/2019;7450;7525;7525;7325;25.83M;0.34%
04/01/2019;7425;7500;7525;7425;35.77M;-0.34%
03/29/2019;7450;7400;7500;7325;50.21M;0.68%
03/28/2019;7400;7300;7400;7250;33.52M;3.14%
03/27/2019;7175;7425;7425;7150;35.24M;-2.71%
03/26/2019;7375;7275;7375;7275;21.52M;2.08%
03/25/2019;7225;7250;7325;7175;31.45M;-3.02%
03/22/2019;7450;7475;7500;7425;41.90M;-0.67%
03/21/2019;7500;7500;7525;7450;45.05M;0.67%
03/20/2019;7450;7400;7450;7300;38.48M;0.68%
03/19/2019;7400;7175;7400;7150;102.71M;4.23%
03/18/2019;7100;7150;7225;7025;46.00M;0.00%
03/15/2019;7100;6925;7150;6925;85.03M;2.53%
03/14/2019;6925;6800;6950;6725;29.04M;2.97%
03/13/2019;6725;6800;6800;6650;41.05M;0.37%
03/12/2019;6700;6825;6875;6675;41.04M;-1.47%
03/11/2019;6800;6950;6950;6800;34.77M;-1.45%
03/08/2019;6900;7050;7050;6900;35.76M;-2.47%
03/06/2019;7075;7000;7075;6875;47.49M;1.80%
03/05/2019;6950;7050;7125;6800;111.56M;-2.11%
03/04/2019;7100;7175;7175;7100;14.83M;-1.05%
03/01/2019;7175;7150;7225;7125;23.50M;0.70%
02/28/2019;7125;7225;7250;7100;42.49M;-1.04%
02/27/2019;7200;7200;7275;7150;36.18M;-1.03%
02/26/2019;7275;7275;7275;7150;47.05M;0.34%
02/25/2019;7250;7150;7250;7125;45.76M;2.11%
02/22/2019;7100;7275;7300;7050;83.80M;-3.07%
02/21/2019;7325;7125;7325;7100;50.10M;3.17%
02/20/2019;7100;7250;7250;6950;96.44M;-1.39%
02/19/2019;7200;7275;7325;7125;46.36M;-1.03%
02/18/2019;7275;7300;7300;7175;43.11M;1.39%
02/15/2019;7175;7150;7225;7100;46.00M;0.00%
02/14/2019;7175;7350;7375;7175;47.85M;-1.03%
02/13/2019;7250;7425;7475;7250;37.52M;-2.36%
02/12/2019;7425;7675;7675;7375;41.32M;-2.62%
02/11/2019;7625;7600;7625;7525;36.18M;0.66%
02/08/2019;7575;7500;7575;7425;23.41M;0.33%
02/07/2019;7550;7475;7550;7425;15.81M;1.00%
02/06/2019;7475;7450;7525;7425;30.14M;1.70%
02/04/2019;7350;7500;7600;7350;40.46M;-3.29%
02/01/2019;7600;7500;7625;7475;52.15M;2.01%
01/31/2019;7450;7325;7475;7275;107.00M;2.76%
01/30/2019;7250;7125;7325;7125;87.78M;1.75%
01/29/2019;7125;7175;7250;7050;81.29M;-0.70%
01/28/2019;7175;7375;7425;7075;103.51M;-2.71%
01/25/2019;7375;7475;7525;7300;71.59M;-1.34%
01/24/2019;7475;7475;7500;7425;89.91M;0.00%
01/23/2019;7475;7575;7700;7475;81.10M;-3.55%
01/22/2019;7750;7725;7800;7650;61.78M;-0.64%
01/21/2019;7800;7825;7900;7800;55.81M;-0.95%
01/18/2019;7875;7900;7925;7825;28.40M;0.00%
01/17/2019;7875;7800;8050;7800;50.98M;0.96%
01/16/2019;7800;7800;7825;7675;39.31M;0.00%
01/15/2019;7800;7750;7800;7650;43.35M;1.30%
01/14/2019;7700;7750;7750;7650;35.66M;0.00%
01/11/2019;7700;7750;7800;7675;44.45M;0.00%
01/10/2019;7700;7625;7700;7550;65.30M;1.65%
01/09/2019;7575;7500;7575;7400;52.45M;3.06%
01/08/2019;7350;7425;7475;7350;40.04M;-1.01%
01/07/2019;7425;7500;7575;7425;26.81M;-0.34%
01/04/2019;7450;7175;7450;7150;39.26M;3.83%
01/03/2019;7175;7275;7350;7100;37.09M;-2.05%
01/02/2019;7325;7400;7400;7250;22.66M;-0.68%
12/28/2018;7375;7350;7450;7325;48.54M;1.37%
12/27/2018;7275;7325;7350;7250;24.26M;0.69%
12/26/2018;7225;7150;7250;7100;26.18M;0.00%
12/21/2018;7225;7250;7300;7175;49.10M;-1.03%
12/20/2018;7300;7425;7425;7275;30.61M;-1.68%
12/19/2018;7425;7350;7475;7350;44.78M;1.02%
12/18/2018;7350;7250;7350;7250;49.30M;-0.68%
12/17/2018;7400;7450;7575;7400;39.34M;-2.31%
12/14/2018;7575;7650;7650;7525;34.38M;-1.62%
12/13/2018;7700;7500;7700;7450;46.46M;3.01%
12/12/2018;7475;7475;7550;7425;40.32M;0.34%
12/11/2018;7450;7450;7475;7400;27.83M;0.34%
12/10/2018;7425;7375;7525;7350;20.55M;-1.00%
12/07/2018;7500;7575;7625;7475;20.85M;0.33%
12/06/2018;7475;7400;7525;7400;37.05M;-1.32%
12/05/2018;7575;7600;7600;7525;36.66M;-0.98%
12/04/2018;7650;7575;7650;7550;30.08M;0.66%
12/03/2018;7600;7550;7725;7550;68.34M;2.70%
